"StoreId","CompleteStoreName","FoodType","AverageRating","Reviewers","City","Location"
"n3gw","Nasi Kandar Mr Mamak (Telok Gadong)","Malaysian","4.4","(3000+)","Klang",""
"rq4m","Dee Ilham Seafood","Thai","4.2","(59)","Klang",""
"v2el","Burger Mamak Bistro","Chicken Chop","4.4","(100+)","Klang",""
"wibq","LEGEND VILLAGE RESTAURANT KAMPUNG DELEK BARU","Malaysian","4.4","(100+)","Klang",""
"ix3v","Warung Sk","Malaysian","5","(3)","Klang",""
"p3mg","Restoran Ming Ho 明和海鮮飯店","Chinese","3.9","(4000+)","Klang",""
"kbgg","Burger Queenz","Burgers","4.8","(6)","Klang",""
"w9mg","Restoran Habeeb One Bistro","Roti Canai","4.3","(1000+)","Klang",""
"zhak","RESTORAN SYED ONE BISTRO","Malaysian","4.7","(100+)","Klang",""
"o98d","Spice Leaf Restaurant","Indian","4","(85)","Klang",""
"u4hm","Kepak Ayam Madu (Pandamaran)","Soups","4.7","(100+)","Klang",""
"jv92","Achi's Kitchen","Indian","4.9","(44)","Klang",""
"d3jn","Nasi Lemak Basmathi - Taman Chi Liung","Malaysian","4.7","(3000+)","Klang",""
"aba3","Mama Kitchen","Malaysian","4.9","(62)","Klang",""
"vxm7","Mr Mamak Pandamaran","Roti Canai","4.2","(500+)","Klang",""
"t3ze","RESTORAN REZEKI AL MUBARAK","Malaysian","4.5","(500+)","Klang",""
"mp2d","好味吉胆炒鱼 Good Taste Pulau Ketam Fried Fish","Asian","1","(1)","Klang",""
"o5qf","Restaurant Vasagaie","Indian","4.6","(3000+)","Klang",""
"p4jb","Restoran Nasi Kandar Subaidah (Klang)","Nasi Kandar","4.5","(10000+)","Klang",""
"i66j","NASIKANDAR HABEEB ONE BISTRO","Malaysian","5","(3)","Klang",""
"e42u","Syukor Burger X Crispy Station Pandamaran","Burgers","4.8","(84)","Klang",""
"a06d","Ice Please","Beverages","4.7","(35)","Klang",""
"ne51","Suria Tom yam","Fried Rice","4.3","(500+)","Klang",""
"vj5y","My Delicious Burger 88","Burgers","3.9","(19)","Klang",""
"r7rp","Restoran Duangdee","Fried Rice","4.5","(1000+)","Klang",""
"wci6","Restoran Shanmuga (Bukit Tinggi)","Malaysian","4.5","(1000+)","Klang",""
"molq","DCHETTYS BRIYANY AND SPICE BUKIT TINGGI","Indian","4.6","(100+)","Klang",""
"mww3","Town Best Burger Food Stall ( Queen 1 - Depan Masjid Port Klang )","Burgers","4.6","(100+)","Klang",""
"n7ta","Smiley's Banana Leaf","Indian","4","(1000+)","Klang",""
"prwx","Warong Warisan Asli","Malaysian","4.6","(3000+)","Klang",""
"qki9","Malek Maju Mamak Kitchen","Asian","4.4","(61)","Klang",""
"t4nb","Restoran Pak Joe's","Malaysian","4.7","(500+)","Klang",""
"vstg","TOMYAM AWESOME PAK JOE'S","Malaysian","4.5","(100+)","Klang",""
"mxd4","TOM YUM NO. 1 PAK JOE'S","Malaysian","4.9","(37)","Klang",""
"cebb","Oh Warkop - Authentic Indonesian Cuisine","13610 min","4.7","(100+)","Klang",""
"s9zy","Mr Mamak (Bukit Tinggi)","Malaysian","4.5","(5000+)","Klang",""
"ytye","D'Rantau Tomyam","Thai","4.8","(37)","Klang",""
"n4nx","BHUKARRY NASI  KANDAR (Klang)","Malaysian","4.5","(5000+)","Klang",""
"r4oh","Restoran Al-Bidayah (Klang)","Roti Canai","4.5","(4000+)","Klang",""
"yupa","TOM YUM POWER PAK JOE'S","Malaysian","4.6","(100+)","Klang",""
"q411","TOM YUM SPECIALIST (PAK JOE'S)","Malaysian","4.6","(100+)","Klang",""
"nkvk","SEGAR CORNER","Asian","4.8","(100+)","Klang",""
"id97","NASI BAKAR MELETOP - PEDAS BERAPI","Chicken","4.8","(100+)","Klang",""
"pmtt","THIRSTY GARDEN SPORTS BAR @ KITCHEN","Western","3.2","(31)","Klang",""
"j2pm","Ahmad Tomyam","Malaysian","4.6","(2000+)","Klang",""
"tsqh","Restoran Karthik","Asian","2.8","(12)","Klang",""
"rdal","Burger Cedok'z (Taman Ehsan Jaya)","Malaysian","5","(13)","Klang",""
"oiwt","Papa makanan laut","Fried Rice","4.2","(100+)","Klang",""
"wozj","RESTORAN NASIKANDAR HABEEB ONE BISTRO","Malaysian","2.8","(19)","Klang",""
"fo8a","SRI PANGLIMA CORNER","Roti Canai","4.1","(100+)","Klang",""
"jmvi","Restoran Akram","Fried Rice","4.5","(100+)","Klang",""
"o2wr","Restoran Arman NZ","Roti Canai","4.3","(2000+)","Klang",""
"ilhe","Anda gembira seafood","Malaysian","4.5","(500+)","Klang",""
"vr9y","Official Street Burger (Rantau Panjang, Klang)","Burgers","5","(10)","Klang",""
"xsyf","ARR Sungai Jati (Arris Thai Tomyam Sg Jati)","Asian","4.5","(100+)","Klang",""
"b8mf","Zdi Tomyam Seafood","Malaysian","4.6","(1000+)","Klang",""
"rn2s","RESTORAN DIN'S CORNER (LRT3 JLN MERU)","Malaysian","5","(39)","Klang",""
"ekcp","PENYET HOUSE","Ayam Penyet","4.7","(100+)","Klang",""
"s8mn","Nasi Kandar Mesra Maju (Klang)","Malaysian","4.1","(500+)","Klang",""
"kmq8","MACHA BURGER SHOP","Burgers","3.6","(13)","Klang",""
"mxmx","Restoran Shanmuga (Berkeley)","Malaysian","4.6","(500+)","Klang",""
"v895","TRK BURGER","Asian","4.4","(100+)","Klang",""
"s6vr","Nasi Kandar Mesra Maju Bayu Mas","Malaysian","4.3","(500+)","Klang",""
"f4b3","Round One Cafe","Asian","4.8","(6)","Klang",""
"o6ok","Restoran Seri Has","Malaysian","4.5","(3000+)","Klang",""
"l8xt","Din's Corner (Sup Haji Kadir Bukit Raja)","Malaysian","4.5","(100+)","Klang",""
"r3aa","Restoran Mahmudah Maju (Klang)","Malaysian","4.6","(5000+)","Klang",""
"wvr4","Tara Burger (Restoran Mikey Kopitiam)","Burgers","4.5","(15)","Klang",""
"u4wa","BURGER MALIK SENTOSA","Burgers","4.8","(91)","Klang",""
"n7ck","McDonald’s (Bandar Puteri - 1010262))","Fast Food","4.5","(15000+)","Klang",""
"jwoh","Amma's Curry House (Sentosa)","Asian","4.8","(20)","Klang",""
"exo0","TOP BURGER","Burgers","5","(79)","Klang",""
"u7kf","WARUNG JENDELA","Thai","4.5","(100+)","Klang",""
"o1ne","Adib Burger (7-11@Bandar Puteri)","Malaysian","4.6","(1000+)","Klang",""
"ibmw","Restoran Abang Botak","Malaysian","4.4","(32)","Klang",""
"cs4l","RESTORAN NASI KANDAR 786","Malaysian","4.3","(82)","Klang",""
"c3n9","Hunger Hub","Fast Food","5","(2)","Klang",""
"x6c3","Burger Buns","Burgers","4.5","(59)","Klang",""
"qd2c","Kampung Burger Johan Setia","Malaysian","4.8","(12)","Klang",""
"u2s3","F & C CONER","Malaysian","2.9","(10)","Klang",""
"w0cd","Hassan Ali Bistro","Roti Canai","4.5","(1000+)","Klang",""
"z2ta","Sky Hadramawt Restaurant","Middle Eastern","3.3","(14)","Klang",""
"ikj7","Fasha Tomyam dan Seafood (Meru 3)","Malaysian","4.5","(500+)","Klang",""
"p0yl","Restoran Cikda Kite","Fried Rice","4.5","(2000+)","Klang",""
"yihv","Ayam Gepuk MAMA (Meru)","Asian","4.5","(100+)","Klang",""
"q6us","Jambatan Amin Seafood","Seafood","4.6","(3000+)","Klang",""
"mqak","Amieda Burger","Burgers","4.9","(100+)","Klang",""
"qcel","hashmi restaurant","Malaysian","4","(100+)","Klang",""
"yqym","RESTORAN SENTOSA BANANA LEAF","Indian","4.6","(100+)","Klang",""
"g4fp","X'treme Kitchen","Indian","4.5","(500+)","Klang",""
"drgo","Restoran Sentosa Sattisorru","Malaysian","4.6","(100+)","Klang",""
"ekd1","CORNER NIGHT STALL","Chicken","4.1","(100+)","Klang",""
"z7zc","BP Stall (Kapar)","Malaysian","4.4","(1000+)","Klang",""
"t1fw","Sosej &Lockhing Bakar","Nasi Kukus","3.7","(100+)","Klang",""
"bgqa","Umaira Tomyam Seafood","Asian","4.8","(71)","Klang",""
"wpsv","Papa Makanan Laut","Fried Rice","4.4","(1000+)","Klang",""
"w6j8","Nasi Kandar Jabbar","Malaysian","4.7","(100+)","Klang",""
"v93i","NASI LEMAK ROYALE KEDAH","Asian","4.7","(100+)","Klang",""
"jlnu","Nasi Kandar Haji Basheer","Asian","4.4","(18)","Klang",""
"h3nt","Khairolseafoodthai","Malaysian","4.7","(1000+)","Klang",""
"v8av","Azie kitchen","Rice Dishes","5","(5)","Klang",""
"c9ng","Sun City Vegetarian Restaurant","Vegetarian","4.6","(1000+)","Klang",""
"phx7","Ucu Burger Cheese Leleh","Chicken","4.8","(100+)","Klang",""
"p64h","KAFE ORKED BAKERY","Malaysian","4.7","(100+)","Klang",""
"slu8","Wafiy Burger (Klang)","Burgers","4.8","(100+)","Klang",""
"p4vq","AJ Western Cafe & Restaurant","Fried Rice","4.2","(2000+)","Klang",""
"naj6","Nasi Lemak D'Singgah","Halal","4","(5)","Klang",""
"pdr6","Artisan Food Corner","Burgers","5","(2)","Klang",""
"flom","Warisan A.I.S","Malaysian","4.5","(5)","Klang",""
"h2oj","Marlina Kitchen","Malaysian","5","(9)","Klang",""
"ih05","Ema’s Places","Malaysian","4.8","(4)","Klang",""
"j1ed","Dapor Kakdelicious","Malaysian","4.6","(500+)","Klang",""
"wh9h","GERAI CIK TIMAH","Burgers","4.8","(100+)","Klang",""
"nnei","Cendol Hijrah","Desserts","4.4","(100+)","Klang",""
"pwek","Restoran Haji Kasim","Roti Canai","4.7","(100+)","Klang",""
"d9sr","Bakso warung Jelita","Malaysian","4.4","(52)","Klang",""
"iq03","Tomyam Mr Mamak (Telok Gadong)","Fried Rice","4.5","(100+)","Klang",""
"u2fw","Warung Bawah Pokok","Malaysian","4.7","(1000+)","Klang",""
"p3oz","Kelip Kelip D'Telok Gadong (Telok Gadong)","Nasi Lemak","4.8","(1000+)","Klang",""
"p2hx","Aman Nasi Kukus","Nasi Kukus","4.7","(500+)","Klang",""
"emcf","Golden Frozen Curry puff","Curry","4.2","(22)","Klang",""
"szgs","Warung Pak Din's","Malaysian","4.4","(73)","Klang",""
"f7vo","RESTORAN DELIMA MERAH HOT SATAY","Roti Canai","4.5","(1000+)","Klang",""
"b1vq","Warung Makngah Lorong Warisan","Malaysian","4.6","(22)","Klang",""
"rj37","Kedai Makan YUNA CAFE","Asian","4.6","(500+)","Klang",""
"gfhc","Sup Meletop Kedah","Chicken","4.8","(1000+)","Klang",""
"v1qs","EDI CANAI","Roti Canai","4.8","(1000+)","Klang",""
"lg7u","Sup Meletop Kedah ( Cawangan Sungai Sireh )","Malaysian","4.7","(84)","Klang",""
"wyxp","Nasi Padang Sungai Udang - Jalan Sungai Udang","0 min","3.7","(7)","Klang",""
"zod8","GKTY - Gang Kou Tang Yuan","Malaysian","4.9","(87)","Klang",""
"z6nz","RUBY KOPITIAM","Fried Rice","4.6","(100+)","Klang",""
"h0vp","Warung mamat roti canai","Roti Canai","4.7","(78)","Klang",""
"b9dg","Ajak Borak Cafe","Malaysian","4.6","(100+)","Klang",""
"d7fl","Laksa Kedah ' TELOQ SEBIJIK '","Asian","4.9","(23)","Klang",""
"t2yd","NASI AYAM FAIZAL","Rice Dishes","4.6","(100+)","Klang",""
"t5jr","Ana Yong Tau Fu 1","Malaysian","4.8","(100+)","Klang",""
"fvvs","J6 Juniors","Burgers","4.8","(27)","Klang",""
"i2mr","A&A Corner","Malaysian","4.7","(500+)","Klang",""
"qxkn","Aisyah Yong Tau Fo","Malaysian","4.6","(100+)","Klang",""
"j9q5","Cendol Warisan Mak Abah","Desserts","4.7","(100+)","Klang",""
"swbr","Royale Street Burger'z","Burgers","4.7","(8)","Klang",""
"iuyb","Cepetz Burger","Fast Food","5","(2)","Klang",""
"vevx","Nasi Lemak Sungai Udang Klang","Nasi Lemak","4.7","(1000+)","Klang",""
"zgnt","RESTORAN E.K EMPAYAR","Fried Rice","3.9","(66)","Klang",""
"gylv","Kuro car-fe","American","5","(8)","Klang",""
"g3th","Sibuk Ngopi","Coffee","4.8","(100+)","Klang",""
"cd88","Pork Mee @ Come 96 Food Court","Chinese","4.3","(28)","Klang",""
"qfh8","RESTORAN DAPUR ASIA BARAT","Asian","3.6","(2)","Klang",""
"izgy","Mee Hun Kuey@168 Kopitiam","Asian","5","(1)","Klang",""
"s6hf","Panmour Villa Klang","Fried Rice","4.6","(100+)","Klang",""
"vzom","Warung Bakso Sriyani (Ayam Geprek Klang)","Chicken","4.3","(100+)","Klang",""
"n6so","Wawa Corner","Malaysian","4.9","(17)","Klang",""
"ghhm","RESTORAN YUNUS MAJU","Asian","4.8","(26)","Klang",""
"s6fp","Hon Bak. Bak Kut Teh @ Come 96 Foodcourt","Rice Dishes","4.3","(100+)","Klang",""
"m72v","Gerai makan sahar","Fried Rice","4.8","(1000+)","Klang",""
"l6ej","Four Taste Chicken Rice 祖传四味鸡饭(Soon Beng Pandamaran)","Asian","5","(27)","Klang",""
"j6eg","Izzat Burger/Kebab","Burgers","4.8","(100+)","Klang",""
"cci7","Alleya Cafe (Kg Sg Sireh Tambahan 2)","Malaysian","4.2","(71)","Klang",""
"k3q9","Dapoq Kak Hunny","Malaysian","4.3","(5)","Klang",""
"yaoc","Gerai Makan Bayu Perdana","Malaysian","3","(1)","Klang",""
"t8ht","CRYSTAL CROWN HOTEL HARBOUR","Chicken Chop","2.8","(14)","Klang",""
"pbgf","Nasi Lemak Kukus Bunga Raya","Nasi Lemak","4.1","(99)","Klang",""
"hgb9","WESTERN CABIN","Malaysian","4.4","(74)","Klang",""
"d3v0","Ohana Ice Blended","Beverages","3.6","(28)","Klang",""
"b9gu","168 Kopitiam","Malaysian","4.7","(500+)","Klang",""
"cfsv","Dapur Kueh Legend","Malaysian","4.9","(97)","Klang",""
"oe48","BROTHERHOODS CAFE","Pasta","4.6","(64)","Klang",""
"f1to","Soon Beng Kopitiam (Pandamaran)","Roti Canai","4.8","(100+)","Klang",""
"y1ty","Shifu Kitchen (168 Kopitiam)","Chinese","4.2","(100+)","Klang",""
"ae96","Iron Moi Spicy Hot Pot @ Klang","Chinese","4.5","(19)","Klang",""
"smpn","Aiskrim Malaysia Pikaa","Desserts","5","(1)","Klang",""
"wjj0","Xiao Fan Zong ( Come 96 Food Court)","Chinese","2.7","(3)","Klang",""
"a5hw","Amazing FaB","Takoyaki","4.7","(100+)","Klang",""
"e9xb","Satay Sedap Syabib","Soups","4.2","(61)","Klang",""
"lilq","Juadah Kak Ana Nasi Beriani Oriperakweh...!!","Briyani","4.6","(100+)","Klang",""
"xeie","Jinli Healthy Dessert (168 Kopitiam)","Asian","4.6","(74)","Klang",""
"j5jb","Roti Canai Kak Linda","Roti Canai","4.6","(2000+)","Klang",""
"veuh","Gerai Mak Ngah Kuih Muih tradisional dan masakan panas","Asian","4.6","(100+)","Klang",""
"vh1k","Lan Yong Tau Foo (Persiaran Seri Junjung Bukit Tinggi)","Seafood","4.3","(29)","Klang",""
"r49a","Restaurant Soon Shui","Chinese","4","(1)","Klang",""
"pfhg","Selera Utara","Malaysian","4.5","(100+)","Klang",""
"o8lt","Restoran Bakso (Blok B Bayu)","Malaysian","4.7","(2000+)","Klang",""
"nwm4","Ammas Corner Restaurant","Indian","5","(21)","Klang",""
"pdzv","RESTORAN MUSLIM SABAHAN CHINESE FOOD","Asian","4.6","(100+)","Klang",""
"v0nf","heong bee bak kut teh","Rice Dishes","4.6","(100+)","Klang",""
"ti8v","Tong Fong Seafood Restaurant","Chinese","4.5","(500+)","Klang",""
"o2qi","Marisa Yong Tau Fu Sup","Fried Rice","4.7","(3000+)","Klang",""
"jgzv","SHREEMAJU CAFE","Malaysian","4.1","(2)","Klang",""
"mgqq","Bask Bear Coffee (Jalan Teluk Pulai ,Klang)","Sandwiches","4.8","(500+)","Klang",""
"c9tb","细果鸡饭 Restoran SAIKO Xing Ong Huat","Chinese","4","(100+)","Klang",""
"xkvu","Nasi lemak hijau pandan mama zana","Nasi Lemak","4.7","(500+)","Klang",""
"rm42","BURGER AMIN","Burgers","4.6","(15)","Klang",""
"w5ie","GERAI MEE GORENG AH KOW 老招牌炒面店啊九 (Morning)","Noodles","4.5","(100+)","Klang",""
"ybi7","Aachi's Kitchen","Indian","4.4","(100+)","Klang",""
"t7vm","Ayam Gepok Bayu","Malaysian","4.6","(1000+)","Klang",""
"awt9","APAM BALIK 4F","Pancakes & Waffles","4.6","(500+)","Klang",""
"t9sw","RR TOMYAM","Tom Yum","3.9","(500+)","Klang",""
"aq22","DAPO' KELA","Asian","5","(9)","Klang",""
"u6dn","GERAI MEE GORENG AH KOW 老招牌炒面店啊九 (Night)","Noodles","4.6","(100+)","Klang",""
"t9ue","FamilyMart (Famima - Teluk Pulai)","Japanese","4.6","(1000+)","Klang",""
"lf7m","Pisang Goreng Resipi Sendiri","Malaysian","4.6","(100+)","Klang",""
"n9bg","Pizza Hut (Teluk Pulai)","Pizza","4.7","(3000+)","Klang",""
"l5yg","Nasi kukus kak ton","Nasi Kukus","4.6","(2000+)","Klang",""
"wcjn","Kedai Bakso Flat Hijau Pandamaran","Soups","4.8","(500+)","Klang",""
"kh8p","MK Nasi Kukus","Nasi Kukus","4.3","(100+)","Klang",""
"x45u","Warung Pak Din Palm Grove (Aneka Kuih Muih)","Malaysian","4.1","(100+)","Klang",""
"t91e","MAN SATAY KAMPUNG DELEK","Malaysian","4.8","(11)","Klang",""
"kjpm","Restoran Vista Indah","Malaysian","4.4","(2)","Klang",""
"v1ec","Mee Tauhu Tawau","Malaysian","4.7","(1000+)","Klang",""
"v29c","Ummi & Abbi Restaurant","Halal","4.4","(31)","Klang",""
"wmc4","takoyaki by cheftako","Malaysian","4.9","(100+)","Klang",""
"knsr","WANG LI RESTAURANT","Noodles","4.8","(100+)","Klang",""
"gz5c","Pasta Crafters (Teluk Pulai)","Asian","5","(48)","Klang",""
"b7yc","RESTORAN SRI ANIS","Fried Rice","4.4","(500+)","Klang",""
"r9rr","RESTORAN NILA CORNER","Indian","4.4","(500+)","Klang",""
"xh7t","MK Waffle Cafe","Asian","4.5","(16)","Klang",""
"kian","Na Restoran Dan Katering","Malaysian","5","(2)","Klang",""
"ckvb","WANG LI RESTAURANT","Noodles","4.8","(100+)","Klang",""
"gsqp","Bakso Kediri - Taman Bayu Perdana","Asian","4.7","(100+)","Klang",""
"f7bc","SRJ HOMEMADE KITCHEN","Healthy","4.9","(9)","Klang",""
"m1i4","Mak Long Corner","Burgers","4.6","(100+)","Klang",""
"qxos","Nasi Kukus Kambing Bakar MK","Malaysian","4.3","(100+)","Klang",""
"csuv","Nasi Lemak Kukus Gerai Umi","Malaysian","4.8","(30)","Klang",""
"l2xb","Patmavady indian claypot Curry rice@33 Food Station","Indian","3.7","(5)","Klang",""
"ufeh","AYAM GEBUK MELETUP","Asian","4.8","(100+)","Klang",""
"fiq9","MEE BASAH SABAH","Fried Rice","4.9","(100+)","Klang",""
"ijmb","Golden Dough","Bread","4.8","(100+)","Klang",""
"meie","Yong Tau Foo  Port Swettenham","Malaysian","4.8","(19)","Klang",""
"mhs7","Pandabites (Bukit tinggi)","Pisang Goreng","4.8","(16)","Klang",""
"z96m","Restoran Burhan","Roti Canai","4.6","(100+)","Klang",""
"t0cm","Nyonya Kitchen & Caterers Bayu Perdana","Noodles","4.8","(100+)","Klang",""
"fr1i","P’bod Thai kitchen","Thai","4.7","(100+)","Klang",""
"t1sv","Nasi lemak Saidiah","Nasi Lemak","4.3","(100+)","Klang",""
"o7vs","Satay Vintage Ala-carte","Malaysian","4.7","(15)","Klang",""
"qtx8","BT Fried Chicken","Fried Chicken","4.6","(100+)","Klang",""
"enud","Happy Vegetarian 開心齋","Vegetarian","4.5","(36)","Klang",""
"p1is","Ah Han Bah Kut Teh","Chinese","4.5","(500+)","Klang",""
"n6qt","Love Mom Restaurant","Curry","4.6","(1000+)","Klang",""
"n6ux","Nasi Lalap Afieyah","Chicken","4.4","(1000+)","Klang",""
"r3am","Yum yum chiliung blok f","Chicken","4.1","(100+)","Klang",""
"p6mo","Qalsum Food Stall","Ayam Penyet","4.4","(1000+)","Klang",""
"mcvr","Pulau Ketam Noodle Soup & Porridge (吉胆鱼丸汤-咖喱&潮洲鱼粥)","Noodles","4.2","(78)","Klang",""
"f0ps","SABRINA CAFE","Asian","5","(1)","Klang",""
"lnwe","Ah Seng Vegetarian","Vegetarian","4.5","(26)","Klang",""
"b5t0","Hailam Kopitiam Bayu Perdana","Malaysian","4.8","(500+)","Klang",""
"txjx","（油条之家）UHOME CHAKUEY","Chinese","4.9","(27)","Klang",""
"tde3","Restoran Masakan Jawa","Asian","4.8","(18)","Klang",""
"s3zw","Irdina Delicious","Rice Dishes","4.7","(100+)","Klang",""
"wfh7","GS Chinese Fried Dough Sticks@288 Kopitiam","Chinese","4.5","(87)","Klang",""
"pocc","CoCo Crave Cuisine","Malaysian","5","(5)","Klang",""
"s3xv","Uncle Raju Kopitiam","Malaysian","4.5","(100+)","Klang",""
"i1vl","Ratha Curry House","Roti Canai","4.4","(1000+)","Klang",""
"n9oa","Yo Mama Bubble Tea (Klang)","Desserts","4.8","(5000+)","Klang",""
"uwae","Burger Coslow Kaw","Burgers","5","(3)","Klang",""
"owws","Nasi Lemak Basmathi Ayam Kampung","Asian","3.9","(41)","Klang",""
"r2ns","Thai Food 泰国餐","Asian","4.7","(41)","Klang",""
"xwwb","Kedai Makan Nur Aina Atika","Malaysian","4.2","(85)","Klang",""
"vxrt","Dapur mami gojes","Malaysian","5","(1)","Klang",""
"edzs","四星小食园 Four Star Restoran","Chinese","4.6","(83)","Klang",""
"tzp8","Cendol Bayu","Desserts","4.9","(80)","Klang",""
"n3l1","Misyo's Cafe","Beverages","5","(1)","Klang",""
"yjev","Sup Pattani 3 Sahabat","Malaysian","4.6","(500+)","Klang",""
"je5e","PULAU KETAM CUISINE 33 美食中心 (港口路）","Chinese","3.8","(22)","Klang",""
"l5rs","Ah Di Salted Chicken Rice","Asian","5","(6)","Klang",""
"kwhn","Bakso Blok B Bayu Corner","Soups","4.4","(100+)","Klang",""
"b394","123 TG KOPITIAM","Chinese","4.9","(16)","Klang",""
"nzm1","Restoran Gang Kou Laksa 港口叻沙云吞面","Laksa","4.5","(500+)","Klang",""
"mmkb","Cheery Cake House - Taman Bayu Perdana","Cakes","4.9","(12)","Klang",""
"rn6j","Rong Rong Wan Tan Mee 蓉蓉云吞面 - Ah Lam Kopitiam [Non-Halal]","Chinese","3.7","(25)","Klang",""
"mrmc","保晖小食园 RESTORAN POH HOOI","Chinese","4.6","(100+)","Klang",""
"azze","Mee Kayangan","Malaysian","5","(1)","Klang",""
"y87v","Gerai Cik Jah Goreng Pisang","Malaysian","3.7","(13)","Klang",""
"om12","Restoran BBB Bayu Corner","Soups","3.9","(100+)","Klang",""
"rv82","One Nyonya","Asian","3.9","(52)","Klang",""
"d4hz","RESTORAN SWEE HENG BAK KUT TEH","Chinese","4.5","(100+)","Klang",""
"x5nj","KIM HEONG POPIAH CORNER","Asian","3.8","(40)","Klang",""
"l21l","Pakcu Tomyam","Malaysian","4.5","(100+)","Klang",""
"zbvw","Chorn Lamoon Thai Kitchen","Thai","1","(1)","Klang",""
"g63a","CHIKII CHIKII - KLANG Taman Bayu Perdana","Asian","5","(2)","Klang",""
"jny7","BODHI VEGETARIAN RESTAURANT","Vegetarian","4.5","(100+)","Klang",""
"vscj","Tai Ah Kopitiam","Coffee","2.9","(5)","Klang",""
"v2ms","Mr Brader House Cafe","Chicken","4.4","(100+)","Klang",""
"kklq","Dong Qu Taiwan Restaurant (klang)","Chinese","4.9","(93)","Klang",""
"wgsr","Pandamaran 十字路口","Asian","5","(2)","Klang",""
"o42z","The Best Dim Sum Restaurant (Bayu Tinggi)","Asian","4.3","(100+)","Klang",""
"iq0v","Chef Zhang Porridge","Chinese","5","(4)","Klang",""
"o7ze","Surya Cafe","Malaysian","4.5","(100+)","Klang",""
"mj6j","Restoran Chuan Bee","Rice Dishes","2.6","(21)","Klang",""
"o0zn","Red Chilli Restaurant","Asian","4.4","(1000+)","Klang",""
"b6rh","RESTORAN 2013","Chinese","4.3","(500+)","Klang",""
"lhwt","MH BURGER","Burgers","5","(6)","Klang",""
"tq5s","Choon May Dim Sum","Chinese","4.4","(100+)","Klang",""
"jg7y","Hong Xing Restaurant 宏兴小炒","Chinese","3.4","(17)","Klang",""
"sxop","Taste More Healthy Food","Seafood","4.7","(88)","Klang",""
"qzu3","MIXUE (Bayu Tinggi)","Malaysian","4.8","(1000+)","Klang",""
"q0st","Uncle Lan Corner (Lan Murtabak)","Roti Canai","4.7","(3000+)","Klang",""
"o6ih","Chee Guan Bak Kut Teh","Chinese","4.3","(500+)","Klang",""
"ywaq","Ayam Gepuk Munggil","Rice Dishes","4.2","(16)","Klang",""
"du0v","POH TIUN KOPITIAM部长茶餐室","Asian","4.5","(50)","Klang",""
"vl9q","Bliss Cake House","Bread","4.3","(100+)","Klang",""
"o1em","Ganesh Curry House","Indian","4.6","(1000+)","Klang",""
"dwdf","Home Town Seafood Restaurant","Asian","2.6","(27)","Klang",""
"pxhn","LAO MU LOU SI FEN 老母螺蛳粉","Beverages","4.4","(100)","Klang",""
"goad","Xin Long BahKuteh","Chinese","4.7","(88)","Klang",""
"emgq","Yee Home Taste Restaurant","Chinese","4.8","(43)","Klang",""
"z86p","Lee Heritage Yam Rice","Chinese","4.9","(100+)","Klang",""
"e4zz","KBR CAFE","Chicken","4.7","(18)","Klang",""
"uz5c","Kugan Delicious Food Corner","Asian","2.3","(13)","Klang",""
"uqwm","Bey Yee Tomyam","Fried Rice","3.9","(19)","Klang",""
"i7bi","RCD Rojak & Cendol Deen","Desserts","4.6","(2000+)","Klang",""
"lte1","Uncle Chin Biskut","Malaysian","4.7","(100+)","Klang",""
"ah88","Sip & Slurp Soup Stall","Asian","5","(1)","Klang",""
"tpt0","Home food stall","Indian","4.8","(8)","Klang",""
"tltt","Ayam gunting Di kubur futsal","Fried Chicken","3.7","(10)","Klang",""
"g9yf","Tasty Kuih Nyonya (Southern Park)","Asian","4.8","(100+)","Klang",""
"duta","CK FOODCOURT","Dim Sum ","4.8","(100+)","Klang",""
"rxig","Restoran Xiong Bee","Chinese","4.5","(72)","Klang",""
"ccw4","ASIA HUB FOODIE PARADISE PENYET & BAKSO","0 min","4.7","(3)","Klang",""
"i3x2","Restoran Sayang Mama","0 min","4.1","(5)","Klang",""
"vzmi","Sea King Sattisoru Asia Hub","Malaysian","4.7","(6)","Klang",""
"s5fs","Hot & Roll (Giant Bukit Tinggi)","Wraps","4.7","(500+)","Klang",""
"rbdc","FC8 Nasi Ayam Giant Bukit Tinggi","Chicken","4.6","(100+)","Klang",""
"l1kp","CUTE NASI LEMAK","Malaysian","3.8","(12)","Klang",""
"yqbm","Saidalicious","Rice Dishes","4.9","(46)","Klang",""
"dzs0","UNCLE WEI FRIED RICE","Malaysian","4.8","(11)","Klang",""
"t5ow","RESTORAN FARIDAH NASI AYAM","Chicken","4.8","(1000+)","Klang",""
"r8sv","Tian Lee Seafood Restaurant","Mee Goreng","4.3","(100+)","Klang",""
"lcrh","MAYFLOWER SEAFOOD RESTAURANT","Chinese","4.3","(100+)","Klang",""
"g6oo","Sixth Sense - Jalan Keruing","Western","2","(1)","Klang",""
"g2sv","Minie’s Restaurant","Pisang Goreng","4.4","(100+)","Klang",""
"d8zs","Kedai Kak Pah Pantai Timur","Chicken","4.8","(500+)","Klang",""
"ozks","Kungfu Ramen","Asian","5","(4)","Klang",""
"v4kj","Thai Food FC 09 @ Giant","Fried Rice","4.3","(1000+)","Klang",""
"m45p","Yu-San Vegan Home Cook (Tropika Apartment)","Asian","4.2","(7)","Klang",""
"n1ts","Uncle Sam Chicken Rice Shop 琛哥文昌鸡饭","Chicken Rice","4.5","(3000+)","Klang",""
"x9pu","Warung Siti Kelate - Gerai MPK","Malaysian","4.3","(58)","Klang",""
"loro","TANGKORNER CHAR KUEY TEOW","Kuey Teow","4.6","(100+)","Klang",""
"xyny","Warung Cendol Wak Paad","Asian","5","(26)","Klang",""
"hdn7","PJFK LITTLE MOMMAZ (ASIA HUB FOOD PARADISE)","Pancakes & Waffles","3.7","(79)","Klang",""
"h4tp","KEDAI MAKAN AI HUA 爱华小食店","Noodles","4.3","(100+)","Klang",""
"j685","Baashhaa Stall","Indian","2.6","(42)","Klang",""
"xqj1","Triple RRR BROTHERS","Indian","4.1","(12)","Klang",""
"jpnp","Nabila Ayam Gunting","Asian","4.5","(10)","Klang",""
"q2er","The Chicken Rice Shop (Giant Klang)","Chicken","4.5","(3000+)","Klang",""
"sqcs","ayam gunting city","Malaysian","4.4","(100+)","Klang",""
"bg7e","Asia Hub Chinese Cuisine","Chinese","5","(13)","Klang",""
"o1am","Mee Udang D'Rosa Corner","Fried Rice","4.4","(100+)","Klang",""
"zesn","ESCOBAR KITCHEN AND BAR","Western","2.2","(2)","Klang",""
"k6ty","Super Kitchen Chilli Pan Mee (Bukit Tinggi)","Noodles","4.7","(1000+)","Klang",""
"h0cl","Kedai Makanan Laut Sungai Yu","Chinese","4.7","(100+)","Klang",""
"r20g","Ann's Waffle","Malaysian","4.7","(13)","Klang",""
"diqx","Restoran Choon Kopitiam","Chicken Rice","4.6","(91)","Klang",""
"bamr","RESTORAN KHALEED (Jalan Tengku Badar)","Malaysian","4.9","(46)","Klang",""
"vz2j","Kopi Tanak - Rantau Panjang Klang","Malaysian","1","(1)","Klang",""
"hizu","Liang Khee Tomyam Bukit Tinggi","Chinese","4.4","(100+)","Klang",""
"f6dv","Ya Me Spicy Hot Pot","Chinese","4.1","(100+)","Klang",""
"augu","Farizie Cheezy","Malaysian","4.8","(100+)","Klang",""
"t3rm","Ayam Penyet fc 11 Giant BBT","Malaysian","4.5","(88)","Klang",""
"w2do","Niko Niko Onigiri (Bkt Tinggi)","Seafood","4.6","(500+)","Klang",""
"s0fo","MIYAKO SUSHI","Japanese","4.1","(100+)","Klang",""
"s6nq","Bakers Pastry Station","Cakes","4.4","(100+)","Klang",""
"kw4o","Zamburger (Rantau Panjang)","Asian","5","(26)","Klang",""
"u6rq","RK F&B","Malaysian","4.6","(39)","Klang",""
"ugqn","BlackBall (Bukit Tinggi)","Desserts","4.9","(100+)","Klang",""
"uxhr","Nasi Lemak Mami","Nasi Lemak","3.8","(3)","Klang",""
"jwuw","Nasi Lemak Che Ta Padu","Malaysian","4.7","(500+)","Klang",""
"p2mx","Boon Min Kee Restaurant 文明记烧腊面饭店","Chicken","4.3","(2000+)","Klang",""
"ahh3","Warung Kita","Asian","4.5","(5)","Klang",""
"npm7","Restoran Taman Wangi","Curry","5","(24)","Klang",""
"u1lf","Joi Gelato","Asian","4.2","(12)","Klang",""
"f7lf","US PIZZA (Klang)","Pizza","4.5","(1000+)","Klang",""
"o52b","DPOHON REZEKI","Malaysian","4.4","(64)","Klang",""
"wj0m","Eesha Signature","Indian","2.9","(100+)","Klang",""
"zjky","Zam Kitchen","Asian","5","(1)","Klang",""
"i9m4","Dinda Gulai Panas & Ikan Bakar","Malaysian","4","(12)","Klang",""
"hvuc","Classic Briyani Port Klang","Indian","3.5","(40)","Klang",""
"q2rj","BT Dim Sum House","Dumpling","4.6","(1000+)","Klang",""
"w5hb","Restaurant All Family","Asian","4.7","(55)","Klang",""
"w3gm","Sushi Go (Giant Bukit Tinggi)","Asian","4.4","(72)","Klang",""
"xiuq","SADHANAA CURRY HOUSE CORNER","Indian","4.8","(34)","Klang",""
"o1mq","Good Taste Restaurant (Bukit Tinggi)","Chinese","4.3","(1000+)","Klang",""
"s7ge","warong Pak Aji","Chicken","4.5","(1000+)","Klang",""
"s2iw","Uncle wei Kopitiam Chicken Rice","Chicken","4.7","(100+)","Klang",""
"q4oy","Cheese Baker@Bukit Tinggi","Dim Sum ","4.5","(1000+)","Klang",""
"su8a","Classic Taiwan Braised Pork Rice (Bukit Tinggi)","Asian","4.5","(1000+)","Klang",""
"n5jr","Face to Face Noodle House (Bukit Tinggi)","Noodles","4.6","(2000+)","Klang",""
"e0sy","Restoran Hajira","Roti Canai","4.5","(500+)","Klang",""
"p5xe","Jisoo Korean Fried Chicken (Bukit Tinggi Klang)","European","4.6","(2000+)","Klang",""
"ghoa","Soymi, Soymilk @ Bukit Tinggi, Klang (Trailer Cart)","Beverages","4.3","(100+)","Klang",""
"igd8","Wok The Wok (Bukit Tinggi 1) [Non-Halal]","Briyani","4.8","(32)","Klang",""
"zqn4","ECOFFEETIAM","Nasi Lemak","5","(33)","Klang",""
"ds94","Coco Loca, Coconut Shake (Bukit Tinggi)","Beverages","4.5","(100+)","Klang",""
"ejlq","Roasted chicken & duck Hoh Liao kopitiam","Chinese","3.3","(48)","Klang",""
"o1se","Good Porridge Restaurant (Bukit Tinggi)","Porridge","4.6","(5000+)","Klang",""
"souv","Restoran Makan Minang","Malaysian","3.5","(6)","Klang",""
"my7d","Xiao Ming KopiTiam","Malaysian","4.7","(100+)","Klang",""
"o1md","Restoran Always Best","Indian","4.4","(4000+)","Klang",""
"cm0i","Orange kopitiam","Asian","4.9","(29)","Klang",""
"j2cz","Steam Fish @ BBT 1","Chinese","4.5","(100+)","Klang",""
"v838","小明冰室(bukit tinggi)","Chinese","4.7","(5)","Klang",""
"av09","Klang Ocean Lou Yong Chicken Rice (Pelabuhan Klang Branch)","Chicken Rice","4.7","(100+)","Klang",""
"n3su","Cendol Maju","Desserts","4.3","(1000+)","Klang",""
"wa15","Nasi Ayam Abah","Malaysian","4.7","(59)","Klang",""
"o9ps","Nasi Kandar Pelita (Bukit Tinggi)","Chicken","4.4","(4000+)","Klang",""
"i0ls","Lou Yong Chicken Rice (ocean) @ Bukit Tinggi","Chinese","4.7","(49)","Klang",""
"kpky","小玲板面.面粉糕 (Siao Ling Mee Hun Kuey & Pan Mee)","Noodles","4.5","(57)","Klang",""
"n59e","RESTORAN HONG YOON - BANDAR BUKIT TINGGI","Chinese","5","(1)","Klang",""
"or4f","Sunlight chicken rice 阳光鸡饭","Chicken Rice","4.9","(100+)","Klang",""
"ze4f","Dim Sum House","Chinese","4.6","(500+)","Klang",""
"s8ep","Sambal Lalapan","Fried Rice","4.8","(1000+)","Klang",""
"lgwv","Bean Jr (Bayu Tinggi Klang)","Desserts","4.6","(500+)","Klang",""
"afyx","Poksu Food Restoran (Klang)","Malaysian","5","(1)","Klang",""
"skv7","Pulau Ketam Cuisine - Hoh Liao Kopitiam","Malaysian","4","(29)","Klang",""
"xn7w","Restoran Chang Sheng (Soup And Rice) 昌盛餐室","Asian","4.4","(100+)","Klang",""
"b5lu","SoyaLah (Bayu Tinggi Klang)","Desserts","4.4","(83)","Klang",""
"llvw","Neo Coffee","Malaysian","5","(1)","Klang",""
"su58","Nasi Lemak CT Port Klang","Malaysian","4.8","(61)","Klang",""
"gvsh","AYYAH BRIYANI","Briyani","4.1","(100+)","Klang",""
"iq10","Eighteen Good Taste","Asian","4","(84)","Klang",""
"s5kl","ChenChenho Steamboat (Bukit Tinggi 1)","Chinese","4.7","(56)","Klang",""
"q7ea","Brilliant Nasi Lemak House (Klang)","Nasi Lemak","4.5","(2000+)","Klang",""
"b9rp","The Brew House (Bukit Tinggi, Klang)","Asian","4.4","(500+)","Klang",""
"q4k4","MEXICAN'S PIZZA","Pizza","3.9","(3)","Klang",""
"cpoy","Canton Eats - Bandar Bukit Tinggi 1","Noodles","4.3","(6)","Klang",""
"f724","Achaamma Kitchen","Asian","2.9","(12)","Klang",""
"ackz","Burger Royal king","Burgers","4.7","(100+)","Klang",""
"y5mz","Happy Vege 蔬喜","Vegetarian","4.4","(1000+)","Klang",""
"u6k3","Huat kitchen","Fried Rice","4.1","(99)","Klang",""
"p2lv","Choo Choo Chicken (Klang)","Chicken","4.6","(4000+)","Klang",""
"fg9h","MK THAI CAFÉ & RESTAURANT","Seafood","4.5","(95)","Klang",""
"iqnx","Port klang air buah","Beverages","4.8","(19)","Klang",""
"n9ms","Satay Street Enterprise","Chicken","4.8","(100+)","Klang",""
"uck0","RESTORAN SHANMUGA","Nasi Lemak","4.2","(100+)","Klang",""
"r6gu","Restoran Selera mega","Malaysian","4.6","(4000+)","Klang",""
"s8by","Kanto House","Japanese","4.4","(500+)","Klang",""
"v3fa","RESTORAN SELERA BORNEO","Malaysian","4.4","(500+)","Klang",""
"t4qv","YOU & MEE RESTAURANT (Bukit Tinggi)","Noodles","4.6","(500+)","Klang",""
"s0n5","CRG Chicken Rice Guys (Klang)","Malaysian","4.8","(100+)","Klang",""
"v7wx","巴生古早味现烤鸡蛋糕 Klang Traditional Cake House","Cakes","4.5","(100+)","Klang",""
"r2uw","AI SHANG SPICY HOT POT","Chinese","4.6","(500+)","Klang",""
"b57y","Burger queen","Burgers","3.5","(19)","Klang",""
"v1tg","ROYAL THAI KITCHEN","Malaysian","4","(67)","Klang",""
"qgof","Hoh Liao Kopitiam Yong Tau Fu","Chinese","1","(1)","Klang",""
"j5sp","Nasi Padang Asli Minang Kabau","Malaysian","4.6","(3000+)","Klang",""
"t4al","Mamacita Pizza & Pasta","Pasta","4.6","(500+)","Klang",""
"qmx0","Corndough Arilicious Terlajak Padu","Snacks","4.5","(100+)","Klang",""
"amea","Tak Seng Herbal Tea","Tea","5","(36)","Klang",""
"k2vf","Restoran Hock Kee Ulu Yam Loh Mee (Bukit Tinggi)","Noodles","4.5","(1000+)","Klang",""
"i3e2","SELERA MEGA NASI KUKUS ABANG MACHO","Nasi Kukus","4.5","(100+)","Klang",""
"e5yo","MERSING RESTAURANT","Chinese","4.7","(500+)","Klang",""
"y7ji","Restoran Ki Heong","Snacks","4.6","(100+)","Klang",""
"y9ro","Master Leong Stinky Tofu","Snacks","4.9","(82)","Klang",""
"i3pa","Warong Atok Nenek","Malaysian","4.4","(100+)","Klang",""
"o3vq","Adib Burger (Andalas)","Burgers","4.6","(500+)","Klang",""
"o8cv","Yu Xuan Restaurant","Chinese","4.5","(4000+)","Klang",""
"q0gl","Restoran Nasi Lalap Chi Liung (Batu Nilam)","Malaysian","4.6","(3000+)","Klang",""
"d5uc","Medan selera barly makhbubi","Soups","4.7","(100+)","Klang",""
"b0wg","Restoran Hock Gee Ulu Yam Loh Mee","Noodles","4.4","(100+)","Klang",""
"f6fq","Yan Pisang Goreng","Malaysian","4.7","(2000+)","Klang",""
"n7no","Kelapa Oasis","Beverages","4.8","(3000+)","Klang",""
"sr4c","BAKSINI BRO'S BURGER","Burgers","4.7","(8)","Klang",""
"i5ut","Restoran Bakso Blok B Andalas","Soups","4.6","(1000+)","Klang",""
"fcb8","Nasi Kukus Pak Uda","Malaysian","4.7","(27)","Klang",""
"n7hk","Yok Mampir Cafe","Fried Rice","4.6","(1000+)","Klang",""
"a2ce","CENDOL DAN ROJAK BANDAR BUKIT TINGGI","Desserts","4.4","(500+)","Klang",""
"n6al","Happy Village Cafe","Chicken Chop","4.6","(1000+)","Klang",""
"r28u","Ayam Geprek Mas Rino","Noodles","4.8","(80)","Klang",""
"dyd3","Restaurant Nisha Nur'","Malaysian","4.9","(43)","Klang",""
"z0vs","Garam Masala North Indian Cuisine","Indian","4.4","(1000+)","Klang",""
"nfty","Ayam gunting Di kubur rantau panjang","Fried Chicken","3.9","(32)","Klang",""
"aupx","Restoran Berkat Hijrah","Rice Dishes","2.7","(2)","Klang",""
"ssn2","Nasi Ayam Mansor Iman","Asian","4.3","(2)","Klang",""
"o4lg","A&W (Bukit Tinggi)","Fast Food","4.6","(5000+)","Klang",""
"ql7h","Gerai Makan Sholeha","Malaysian","4.9","(100+)","Klang",""
"iafw","NASI AYAM MANSOR","Chicken","4.8","(3000+)","Klang",""
"vcxu","Sambal Buka Baju Klang","Malaysian","4.7","(100+)","Klang",""
"wqhv","DZzafran's kitchen","Thai","4.5","(100+)","Klang",""
"raqw","Nila Family Restaurant","Indian","4.8","(43)","Klang",""
"h3rw","Gerai Rafathar","Nasi Lemak","5","(1)","Klang",""
"o6mv","Sharmila Curry House","Indian","4.4","(100+)","Klang",""
"f0np","Restoran Tetra Briyani","Briyani","4.4","(1000+)","Klang",""
"rike","MST SUBA FOOD COURT","Malaysian","5","(2)","Klang",""
"fsrz","Nasi Lemak Pandan Bakti Station","Malaysian","4.4","(32)","Klang",""
"gme6","Restoran Adek Along","Chicken","4.5","(100+)","Klang",""
"qcdn","Warung Makan Malysa","Ayam Penyet","4.7","(100+)","Klang",""
"mdr3","Nasi Ayam & Nasi Kakwok","Malaysian","4.8","(31)","Klang",""
"y6z8","Gerai Abang Leman Nasi Ayam","Chicken","4.8","(1000+)","Klang",""
"hmv1","GERAI IBRAHIM","Asian","4","(100+)","Klang",""
"qvaa","RESTORAN AL FAHMIDA MAJU","Malaysian","4","(100+)","Klang",""
"c4gr","KPOK KPOK","Malaysian","4.3","(94)","Klang",""
"mq96","AM BURGER DELICIOUS","Burgers","4.9","(27)","Klang",""
"ebvv","Double Tea (Econsave)","Malaysian","3.1","(36)","Klang",""
"y0cp","ASOKA RESTAURANT","Malaysian","4","(1000+)","Klang",""
"rab9","Imani Burger","Malaysian","4.4","(67)","Klang",""
"z3qc","ZIZIE STALL","Seafood","4.7","(100+)","Klang",""
"k8dy","Restoran Nasi Kandar AZ","Chicken","4.4","(500+)","Klang",""
"sko9","Kedai Makan Duwiriski Enterprise","Fried Rice","4","(100+)","Klang",""
"de3h","Kedai Takoyaki Rantau Panjang","Takoyaki","4.8","(100+)","Klang",""
"k6yw","Ayam Getok (Mantul Klang)","Chicken","4.5","(3000+)","Klang",""
"mzyv","GERAI MAKAN AYU","Ayam Penyet","4.5","(100+)","Klang",""
"nbdz","Restoran Ayam Bakar Kak Su","Chicken","4.5","(65)","Klang",""
"xbb9","D'Tavern (Port Klang)","Chicken","4.9","(39)","Klang",""
"zoft","NASI AYAM KLANG (EMPORIUM MAKAN)","Chicken","4.7","(100+)","Klang",""
"v9py","SS Mee Jawa Pelabuhan Klang","Chicken","4.7","(1000+)","Klang",""
"n9fi","Gerai Kita (Sri Damak)","Malaysian","4.8","(3000+)","Klang",""
"j4bd","My PaperBowl","International","4.6","(100+)","Klang",""
"k3ei","Nashar Susu Kambing Asli","Malaysian","4.5","(6)","Klang",""
"pnbm","Mat Rock Ayam Goreng Kunyit (Klang)","Malaysian","4.6","(51)","Klang",""
"aelu","SEBOKMAMA KITCHEN","Malaysian","4.5","(100+)","Klang",""
"q1yn","Coolblog – Lotus's Klang","Beverages","4.5","(500+)","Klang",""
"jftj","Nasi Ayam (Lotus Foodcourt klang)","Seafood","4.1","(72)","Klang",""
"wsoe","Express Eat @ Kesum","Malaysian","5","(3)","Klang",""
"z6v8","TO’KI SEAFOOD","Fried Rice","4.5","(100+)","Klang",""
"n3la","Sushi King (Tesco Extra Klang Mall)","Japanese","4.6","(2000+)","Klang",""
"tjpv","JAGOAN BAKSO MY (THE LUBOKX)","Asian","4.5","(52)","Klang",""
"tcj8","Dakgogi K-Street Food","Korean","3.7","(11)","Klang",""
"lgbc","NIR Tepung Pelita","Malaysian","4.5","(100+)","Klang",""
"zt0b","Suri Kitchen","Burgers","5","(4)","Klang",""
"p59y","Muiz Hot Chicken -  Rantau Panjang Klang","Fast Food","5","(25)","Klang",""
"s1di","The Buzz (Premiere Hotel Klang)","Noodles","4.7","(53)","Klang",""
"r2ao","Archana Curry House","Indian","4.2","(100+)","Klang",""
"p8qq","Gerai Oren","Fried Rice","4.6","(5000+)","Klang",""
"n1mx","Tudia Char Kuey Teow Klang","Fried Rice","4.6","(100+)","Klang",""
"qv48","SONA PUNJAB","Rice Dishes","4.4","(100+)","Klang",""
"n4ah","Jai Hind's Corner","Indian","4.4","(2000+)","Klang",""
"wz4y","Sup tulang Pok De","Asian","4.8","(61)","Klang",""
"p9lv","Polperro Steak House (The Lubok)","Malaysian","4.4","(1000+)","Klang",""
"wjr4","Ricksha Klang","Indian","4.2","(27)","Klang",""
"w6xm","NIESHA FUN FOOD (Tesco Klang)","Snacks","4.6","(100+)","Klang",""
"c8qg","Ani Sup Utara Tesco Klang","Soups","4.7","(500+)","Klang",""
"h01a","Coolblog (Pandamaran)","Beverages","4.7","(94)","Klang",""
"sphg","Hasilath Food Corner (Klang)","Malaysian","5","(1)","Klang",""
"w6jj","Changloon's Burger Special","Burgers","4.5","(77)","Klang",""
"p0ih","Ayam Penyet Myjune","Malaysian","4.6","(100+)","Klang",""
"saf3","RESTORAN BANANA LEAF KARIPODI","Indian","4.8","(34)","Klang",""
"r3y2","ZUS Coffee - Lotus's Klang","Asian","4.9","(100+)","Klang",""
"sxst","NASI LEMAK SRI SARAWAK","Nasi Lemak","4.4","(500+)","Klang",""
"x2fs","Mango Float Buah Berlambak","Malaysian","4.7","(100+)","Klang",""
"i6dx","Restoran Selvaam Vilas","Indian","4.5","(100+)","Klang",""
"o0mn","Gerai Mak Ngah (Klang)","Nasi Lemak","4.3","(1000+)","Klang",""
"p46r","Mohana Bistro","Indian","4.3","(100+)","Klang",""
"p6jk","Ar Burger Klang","Malaysian","4.6","(4000+)","Klang",""
"c5gm","Restoran Di Naina Nasi Kandar (Tesco Extra Bukit Tinggi Klang)","Nasi Kandar","4.5","(1000+)","Klang",""
"t5tv","Cendol Rojak Ipoh","Desserts","4.6","(500+)","Klang",""
"xky4","Bayleaf Kitchen Restaurant (Klang)","Indian","2.3","(3)","Klang",""
"mq12","Chun Yang Tea (Shell Bukit Tinggi)","Tea","4.4","(100+)","Klang",""
"smex","Papa Burger","Burgers","4.7","(22)","Klang",""
"pe5l","Vinra Curry House Restaurant","Indian","4.6","(18)","Klang",""
"zm5g","Donuts Bar(Lotuss Klang)","Bread","4.9","(89)","Klang",""
"k1k2","Che’Nor Outlet Cafe ( Bukit Tinggi 2 )","Malaysian","4.4","(100+)","Klang",""
"k1ov","Mokti's (Bandar Bukit Tinggi 2)","Desserts","2.9","(22)","Klang",""
"mirb","RESTORAN MAK NGAH (Klang)","Chicken","4.3","(1000+)","Klang",""
"flel","Lontong Wangi","Nasi Lemak","4.2","(91)","Klang",""
"oaor","RESTORAN DI REZEKI","Malaysian","4.7","(61)","Klang",""
"u6wf","Teh Ais & Kopi Ais Abiy","Malaysian","4.8","(15)","Klang",""
"p2tf","Mami Kopitiam","Nasi Lemak","4.3","(500+)","Klang",""
"v3bc","AYAM GUNTING TAMAN SRI ANDALAS","Burgers","4.4","(100+)","Klang",""
"c5ew","AYAM GUNTING CRISPY KLANG (ANDALAS)","Fried Chicken","4.5","(1000+)","Klang",""
"y2uz","Aban Burger","Burgers","4","(38)","Klang",""
"o6se","Cendol Durian Buhari (Lorong Jepun)","Desserts","4.2","(100+)","Klang",""
"p9wq","Marrybrown (Jalan Gopeng)","Rice Dishes","4.6","(5000+)","Klang",""
"e2oa","Ngam Jerung Ayam Cheese @ Taman Rakyat","Fast Food","4.6","(100+)","Klang",""
"kux1","Restoran New Chat Masala","Vegetarian","4.5","(100+)","Klang",""
"px32","Vashana Banana Leaf","Fried Chicken","4.3","(72)","Klang",""
"cbu0","Restoran VKS (Lebuh Tapah)","Malaysian","4.5","(54)","Klang",""
"j1ee","Satey Bonda Amy","Malaysian","4.3","(11)","Klang",""
"semh","SELERA TIMUR & BARAT","Malaysian","3.9","(5)","Klang",""
"arty","Nasi Lemak Pandan Wangi (Klang)","Nasi Lemak","4.2","(100+)","Klang",""
"o0bi","Queten @ The Lubokx","Fried Chicken","4.8","(100+)","Klang",""
"vc65","Restoran D'Heaven","Malaysian","3.7","(4)","Klang",""
"d5uw","Restoran D'Rakit","Fried Rice","4.3","(1000+)","Klang",""
"nkvg","PENDEKAR CHAR KUEY TEOW","Malaysian","4.5","(36)","Klang",""
"tocs","ORIGINAL CENDOL KLANG","Malaysian","4","(16)","Klang",""
"tm6h","SATAY HASSAN","Tea","4.7","(100+)","Klang",""
"fb4i","ASAM PEDAS MELAKA, ANDALAS","Malaysian","3","(1)","Klang",""
"d8qm","Mr Banana Spice Kitchen","Asian","3.1","(16)","Klang",""
"n6gk","Bamboo Biryani Taste & See (Klang)","Briyani","4.5","(1000+)","Klang",""
"n7ei","Nasi kandar ketagih","Nasi Kandar","4.5","(100+)","Klang",""
"jymk","Mr Mac The Lubokx","Pasta","5","(53)","Klang",""
"d6fa","BAKSO CORNER","Asian","4.7","(2000+)","Klang",""
"be29","Ayam Gepuk Corner","Malaysian","4.7","(100+)","Klang",""
"idhd","MAK YA ROJAK BUAH","Asian","4.9","(39)","Klang",""
"vtqk","KEDAI MAKAN SELERA PANTAI TIMUR","Chicken","4.7","(75)","Klang",""
"xxy0","Nas Burger Streetfood","Burgers","5","(5)","Klang",""
"j4ri","ADVANTAGE CAFE","Seafood","5","(17)","Klang",""
"f6yh","Roti John Sri Perdana","Sandwiches","4.7","(500+)","Klang",""
"xdyy","Annachi Banana Leaf Restaurant","Indian","3.9","(59)","Klang",""
"r6xu","Adam Burger ""99""","Burgers","4.8","(1000+)","Klang",""
"vwll","Kebab Byte","Burgers","5","(1)","Klang",""
"r9pl","BIG TAS' TEA (Tanjung Syawal)","Malaysian","4.6","(1000+)","Klang",""
"vg52","Nasi Lemak Abah","Asian","3.3","(3)","Klang",""
"o1ks","Restoran Peng Heong Hakka Pai Kut","Chinese","4.6","(2000+)","Klang",""
"c2sz","RESTORAN SOTO KLANG","Chicken","4.8","(1000+)","Klang",""
"f8nn","Lontong Padu","Nasi Lemak","4.7","(2000+)","Klang",""
"t8ho","SATAY LIDO KLANG","Chicken","4.3","(500+)","Klang",""
"b9si","Restoran Nasi Padang Harapan","Malaysian","4.5","(100+)","Klang",""
"z5jg","Casia Cafe  @ Centre Point","Fried Rice","4.6","(500+)","Klang",""
"z7rm","Nasi Lemak Watie","Malaysian","4.9","(33)","Klang",""
"o4j7","GREENBELT ENTERPRISE","Fried Rice","4.5","(75)","Klang",""
"bqu5","Chee Cheong Fun 国安猪肠粉酿豆腐 @ BBT KOPITIAM","Chinese","4.7","(100+)","Klang",""
"b7ui","Fiqa Apam Balik Gebusss @ Simpang Empat","Pancakes & Waffles","4.7","(500+)","Klang",""
"v8xi","Nasi Lemak Haji Amin (Family Kopitiam)","Nasi Lemak","4.5","(1000+)","Klang",""
"xyzi","Penang Prawn Mee 槟城虾面","Chinese","4.9","(18)","Klang",""
"as4f","INNA KITCHEN NORTH INDIAN CUISINE (ANDALAS)","Indian","3.4","(27)","Klang",""
"oj3v","Mama Sya Kerabu Delight","Nasi Kerabu","4.4","(500+)","Klang",""
"wekz","UNCLE TAN CURRY CHICKEN RICE @ BBT 2 Kopitiam","Curry","4.5","(72)","Klang",""
"zj0v","Nasi Lemak Pandan Family@BBT2 kopitiam","Nasi Lemak","4.4","(100+)","Klang",""
"p3om","Keng Kee Len Chee Kang @ Chuan Hiong Chicken Rice","Desserts","4.7","(100+)","Klang",""
"g9fl","Curry mee @ BBT 2 KOPITIAM","Laksa","4.6","(100+)","Klang",""
"aqt8","ADUKA CORNER BURGER","Burgers","4.4","(8)","Klang",""
"cuv8","Curry Laksa & Fish Ball Noodle @ BBT 2 Kopitiam","Laksa","4.7","(100+)","Klang",""
"r5uz","Restoran Cili Padi Klang","Nasi Lemak","4.5","(100+)","Klang",""
"qf7k","Zila Satay (Klang)","Malaysian","5","(9)","Klang",""
"mowb","Moving Cafe BBT Kopitiam","Sandwiches","4.7","(100+)","Klang",""
"n3kr","Aora Apambalik (Klang 2)","Malaysian","4.9","(6)","Klang",""
"r0vc","MST Malindo","Asian","4.8","(3000+)","Klang",""
"xate","samy kia chicken rice","Chinese","4.6","(74)","Klang",""
"o2iw","Aduka Corner","Fried Rice","4.4","(1000+)","Klang",""
"k7iq","Penang Prawn Mee 槟城虾面 @ BBT KOPITIAM","Soups","4.2","(100+)","Klang",""
"opa1","Fried Mee @ BBT 2 Kopitiam","Noodles","4.2","(40)","Klang",""
"zsou","GANESH CURRY HOUSE Taman desawan","Malaysian","4.4","(1000+)","Klang",""
"a3um","Pulau Ketam Nasi Lemak @ BBT 2 KOPITIAM","Seafood","4.3","(100+)","Klang",""
"zw1r","SRI JUMAAT TOMYAM","Soups","4.8","(100+)","Klang",""
"um2x","KOPI RANTAU","Asian","5","(1)","Klang",""
"w4rt","Restoran Gomathy Vilas","Indian","4.2","(1000+)","Klang",""
"pjgj","Kari Kepala Ikan Station","Malaysian","4.5","(68)","Klang",""
"qbnz","KAMPUNG KUANTAN PRAWN MEE","Chinese","5","(25)","Klang",""
"h6bm","Xin Long Bah Kut Teh 新龙肉骨茶 @ BBT KOPITIAM","Rice Dishes","4.4","(100+)","Klang",""
"ke20","Warung Soto_warung Basikal","Chicken","4.7","(1000+)","Klang",""
"yawe","Pan mee 面粉粿夜市 @ BBT2 KOPITIAM","Soups","4.4","(100+)","Klang",""
"xn5h","Moon Kee Wok Stir Fried @ Restoran 1010 Kopitiam","Chinese","4.4","(100+)","Klang",""
"g1ew","Restoran Mars Baru","Roti Canai","4.7","(100+)","Klang",""
"w3os","Restoran Selera Enak Azmi","Fried Rice","4.6","(500+)","Klang",""
"okeu","Dapur Santai Yamch'a","Malaysian","4.9","(3)","Klang",""
"l9pk","Restoran Maju Dinamik","Roti Canai","4.5","(1000+)","Klang",""
"xc7n","Restoran Al-Saf Nasi Kandar","Malaysian","4.3","(100+)","Klang",""
"o0qy","Satay Seri Damak","Chicken","4.5","(500+)","Klang",""
"y86c","ROJAK & NASI LEMAK PAK WAN","Nasi Lemak","4.5","(100+)","Klang",""
"r9jn","Ah Seng Ais Kacang MPK Plaza","Fried Rice","4.7","(100+)","Klang",""
"lwel","Two Peck Crispy Chicken Malaysia (Bukit Tinggi)","Roti Canai","4.5","(70)","Klang",""
"e102","uda's cafe","Nasi Lemak","3.9","(10)","Klang",""
"r7a2","HAINAN CURRY RICE","Chinese","5","(8)","Klang",""
"mxnx","Mi You Dessert Cafe","Desserts","4.8","(100+)","Klang",""
"q2sd","JY Bread House","Desserts","3.8","(500+)","Klang",""
"ra48","Warong Kita","Ayam Penyet","4.1","(100+)","Klang",""
"qq98","Mr And Me Waffles@JY Bread House","0 min","4.5","(25)","Klang",""
"mcaj","PHOTAMARAI (CLAY POT)","Indian","4.5","(11)","Klang",""
"n3ax","PIM'S Thai Food","Seafood","4.4","(100+)","Klang",""
"n6pe","Pupu Cafe","Fried Rice","4.6","(500+)","Klang",""
"k2jd","RESTORAN REZEKI SINAR","Ayam Penyet","4.4","(100+)","Klang",""
"dme7","Chicken Chop Bajet","Malaysian","5","(2)","Klang",""
"texi","Dáo Desserts Soymilk & Beancurd - (Bandar Bukit Tinggi )","Asian","5","(6)","Klang",""
"w7lo","Budget's food","Indian","4.7","(40)","Klang",""
"qxaz","AYAQ SANGKUT CUQ UDANG","Fast Food","4.4","(100+)","Klang",""
"ly1i","Kheng Huat Restaurant (GOLDEN MOUSE NOODLE HOUSE)","Chinese","4.8","(13)","Klang",""
"n4sw","Kedai Makan Norlela","Chicken","4.6","(1000+)","Klang",""
"k4x8","Dino Mix","Asian","4.9","(100+)","Klang",""
"i5nm","Wakaka Segi Fresh Rantau Panjang (SFRP)","Pancakes & Waffles","4.6","(1000+)","Klang",""
"iglx","Curry by Mama Tai","Asian","4.6","(100+)","Klang",""
"bbiy","Heng Keong Restaurant","Chinese","2.9","(3)","Klang",""
"y6fq","77 Pulau ketam fried oyster","Chinese","4.8","(58)","Klang",""
"pufv","CHEF TAKO Klang","Tom Yum","4.9","(100+)","Klang",""
"q4at","KAFE SERLAH ILHAM BONDA","Malaysian","4.4","(100+)","Klang",""
"s0zs","Restoran Tst & At","Chinese","4.3","(100+)","Klang",""
"mia5","Han N Han Pancake","Asian","4.7","(12)","Klang",""
"ywlm","Young Sanna Mee","Malaysian","4.8","(70)","Klang",""
"urr3","NEPALS CORNER SDN.BHD","Asian","4.8","(42)","Klang",""
"b9g7","Old Beijing Braised Pot","Chinese","4.1","(100+)","Klang",""
"wdud","DOWNTOWN BURGER BOTANIC","Burgers","4.6","(100+)","Klang",""
"ufn7","Pulau Ketam 吉胆萍真古早味咖喱叻沙&云吞面","Laksa","4.6","(100+)","Klang",""
"d9ao","Tony Charcoal Fried Hokian Mee","Noodles","4.5","(500+)","Klang",""
"s1xu","Moving cafe","Sandwiches","4.8","(100+)","Klang",""
"wkl0","Abah Bonda Ikan Bakar (Klang)","Malaysian","4.6","(500+)","Klang",""
"f7sa","NASI LEMAK & AYAM GORENG DAVID","Asian","3.2","(31)","Klang",""
"s3ej","Baker's Cottage (Rantau Panjang)","Chicken Rice","4.7","(1000+)","Klang",""
"gcio","MUMTAZ CORNER","Western","3.9","(18)","Klang",""
"d7pw","Restaurant Nan Feng","Rice Dishes","3.9","(100+)","Klang",""
"oneh","ADFA TOMYAM","Malaysian","3.8","(100+)","Klang",""
"rdh8","Ah Boy 板面","Noodles","4.1","(53)","Klang",""
"lw8w","QOS (Queen of Spades)","Asian","4.7","(100+)","Klang",""
"urzi","KONAR RESTAURANT","Indian","4.2","(81)","Klang",""
"vxj3","Hotplate Jihad","Asian","5","(12)","Klang",""
"nnna","128 Medan Selera (Emporium Makan Wan Tan Mee)","Seafood","4.4","(56)","Klang",""
"axzp","HWC Coffee (Bukit Tinggi 2)","Coffee","4.8","(100+)","Klang",""
"dwu1","CHE YANG CAFE","Laksa","4.6","(46)","Klang",""
"mdoj","SPADE'S BURGER (Bukit Tinggi 2)","Burgers","4.5","(100+)","Klang",""
"k1wa","Foong Kee Wan Tan Mee @Kopitiam  168","Noodles","4.4","(100+)","Klang",""
"q7br","168 Meru Kopitiam","Coffee","4.5","(100+)","Klang",""
"xe5d","Med Mex (Bukit Tinggi 2 Klang)","Asian","5","(30)","Klang",""
"omqd","CHAGEE (Bukit Tinggi) 霸王茶姬","Tea","4.8","(1000+)","Klang",""
"lb2p","Papa Makanan Laut (Cawangan Klang)","Malaysian","4.1","(95)","Klang",""
"uuqo","Warong Ma²Ba²(muslim)","Malaysian","4.1","(64)","Klang",""
"o070","69 Aiskrim","Desserts","5","(1)","Klang",""
"oeac","Ayam Goreng Legend (Bukit Tinggi)","Fried Chicken","4.5","(500+)","Klang",""
"r4pf","Angcle Peoh Restaurant@ Bandar Bukit Tinggi","Malaysian","4.7","(1000+)","Klang",""
"lscy","Mixue (Bandar Bukit Tinggi 2 MXBBT2-B)","Asian","4.8","(100+)","Klang",""
"arj5","Roasted chicken & duck BT3","Chinese","4.9","(12)","Klang",""
"mbyf","Ma Zi Pan Mee (Klang Gelugor)","Chinese","4.2","(100+)","Klang",""
"o0bc","Mygerai (Jalan Kotaraja)","Chicken","4.6","(100+)","Klang",""
"d5co","SUP UTARA & CHAR KUEY TEOW","Burgers","4.4","(100+)","Klang",""
"dmi9","Manjoe Taiwanese Dumplings (Bukit Tinggi)","Dumpling","4.8","(100+)","Klang",""
"l1uv","Bubbletea Drinks","Beverages","4.8","(100+)","Klang",""
"gwcz","RESTORAN WARISAN NCHOM","Fried Rice","4.8","(100+)","Klang",""
"zh2r","The Soybean Factory (Bandar Bukit Tinggi)","Desserts","4.7","(100+)","Klang",""
"p0mw","Yee Xiang Seafood Restaurant","Chinese","4.5","(42)","Klang",""
"xrkr","Wall's Ice Cream (Positive Mart)","Ice Cream","4.7","(55)","Klang",""
"r6mq","Aman Nasi Kukus (Bandar Botanik)","Nasi Kukus","4.4","(100+)","Klang",""
"lm8d","IPOH ROAD HOKKIEN MEE (Klang)","Noodles","4.5","(500+)","Klang",""
"prsf","The Fish Bowl (Bukit Tinggi)","Poke Bowl ","4.7","(500+)","Klang",""
"opey","Patin Tempoyak Temerloh Botanik","Malaysian","5","(3)","Klang",""
"wlr1","Taiwanlicious","Asian","5","(1)","Klang",""
"tnmh","Meksu & Poksu food restorant ( Ikan Bakar Taman Kem )","Malaysian","4.8","(17)","Klang",""
"q8gr","Biryani Paradise","Briyani","4.7","(500+)","Klang",""
"p8yl","Lets Joy Cafe (Bukit Tinggi)","Asian","4.4","(1000+)","Klang",""
"vzw1","Lettuce & Rise (Bukit Tinggi 2 Klang)","Seafood","4.5","(75)","Klang",""
"p7dw","Sabi Wasabi Japanese Restaurant","Sushi","4.3","(100+)","Klang",""
"j0sg","restaurant sri rantau","Chicken","4.6","(500+)","Klang",""
"o6xj","Vintage Western","Chicken","4.3","(500+)","Klang",""
"dc4y","Restoran Salam Faizee","Malaysian","3.8","(38)","Klang",""
"htuc","Ana yong tau fu  3","Malaysian","4.8","(100+)","Klang",""
"lju5","KITA KOPITIAM","Malaysian","4.8","(21)","Klang",""
"pdh8","Salad Atelier (Bukit Tinggi 2 Klang)","Asian","4.4","(500+)","Klang",""
"n1ru","Kambing Bakar Terima Kasih Ibu","Malaysian","4.7","(2000+)","Klang",""
"zsyo","ZARIEF BREAD","Roti Canai","4.8","(11)","Klang",""
"s4eq","Gao Luo Prawn Mee@168 Meru Kopitiam","Soups","4.6","(100+)","Klang",""
"gm16","Chef Tako Jalan Kota Raja","Takoyaki","4.6","(100+)","Klang",""
"v3ua","Restoran Beantory Coffee","Asian","4.8","(8)","Klang",""
"q6fu","Chola Kitchen Restaurant","Indian","4.4","(1000+)","Klang",""
"g5v5","Annaatthe Burger","Burgers","4.9","(16)","Klang",""
"eyrk","Mama Aisy Asian Food","Malaysian","5","(6)","Klang",""
"wc8a","WarungKu (Aeon Bukit Tinggi)","Asian","5","(1)","Klang",""
"o7fn","Shihlin Taiwan Street Snacks (AEON Bukit Tinggi Mall)","Chicken","4.5","(3000+)","Klang",""
"mfkl","CAKE OHHDIANA","Cakes","4.5","(100)","Klang",""
"r0tn","Adam Burger Corner","Burgers","4.7","(100+)","Klang",""
"s0gb","Tealive (Taman Sentosa Klang)","Bubble Tea","4.7","(4000+)","Klang",""
"g3pf","Haagen Dazs (Bukit Tinggi Klang)","Beverages","4.9","(100+)","Klang",""
"znhh","DAPUR UMMIE JUNTAK","Asian","4.4","(100+)","Klang",""
"o6uk","Domino's Pizza (Ambang Botanik)","Pizza","4.3","(4000+)","Klang",""
"mvwk","Biew Gor Char Chaan Teng","Chinese","4.4","(100+)","Klang",""
"wtyu","Mommy Kitchen (Western Food)","Western","4.5","(27)","Klang",""
"e9l6","Ali Mamak SK Corner","Roti Canai","4.5","(500+)","Klang",""
"zerr","Sae Ma Eul BBQ - Klang Landmark","Grill","4.2","(100+)","Klang",""
"r51o","CEPAT~CEPAT","Cakes","5","(3)","Klang",""
"swxt","Mirch Masalaa Cafe","Indian","4.2","(95)","Klang",""
"ljou","DEVIS MASALA CORNER","Asian","4.1","(93)","Klang",""
"v7c0","Q&H kitchen","Western","4.6","(21)","Klang",""
"zl6d","YOU & MEE RESTAURANT (BOTANIC KLANG)","Noodles","4.5","(100+)","Klang",""
"a821","MOO MOOKATA","Thai","4.4","(7)","Klang",""
"n8ik","Family Rice Malaysia (Klang)","Fried Rice","4.2","(500+)","Klang",""
"wune","RESTORAN VMJ","Indian","4.8","(46)","Klang",""
"pb1u","Keropok Lekor HAZ","Malaysian","5","(6)","Klang",""
"o4my","pintea (Landmark, Klang)","Tea","4.7","(1000+)","Klang",""
"n5hq","7Village Noodle House","Noodles","4.5","(1000+)","Klang",""
"asu2","Shoshana's Homemade Cake & Dessert","Malaysian","4.7","(500+)","Klang",""
"o5eo","Aralieya Ceylon and South Indian Cuisine","Asian","4.1","(100+)","Klang",""
"w6zm","D’Laksa (Aeon Bukit Tinggi)","Laksa","4.5","(3000+)","Klang",""
"we7h","Hon Kei Kopitiam","Chinese","4.5","(1000+)","Klang",""
"pjce","Chatime (AEON Bukit Tinggi)","Bubble Tea","4.7","(100+)","Klang",""
"g8oe","PAK ABU YONG TAU FOO","Malaysian","3.8","(4)","Klang",""
"o54g","THE SPICE DELIGHT","Indian","4.5","(100+)","Klang",""
"lh9u","Nasi Kukus Sotong Besar (Klang)","Asian","4.8","(100+)","Klang",""
"n4yq","Restoran Feng Ling","Chinese","4.3","(1000+)","Klang",""
"ayej","ManMan Celup Tepung","Malaysian","4.5","(3)","Klang",""
"v9jn","D' Larva Grill Cheese","Western","4.6","(500+)","Klang",""
"p002","Ayam Penyet AP (AEON Klang)","0 min","4.5","(100+)","Klang",""
"plt8","Restaurant Famous Gourmet","Rice Dishes","4.5","(100+)","Klang",""
"diwk","Reez Kitchen","Malaysian","5","(1)","Klang",""
"yc2j","Togather Cafe (Bandar Botanic)","Chinese","3.2","(22)","Klang",""
"tmqa","Fauziah Kitchen","Roti Canai","3.8","(60)","Klang",""
"q3ug","Fruit Addicts Cafe","Juice","4.7","(500+)","Klang",""
"c0fc","TAKE A BREAK Cafe & Bistro Botanic Klang","Chicken","3.6","(91)","Klang",""
"h6al","Ipoh Ais Kopi (Bukit Tinggi)","Chinese","4.6","(100+)","Klang",""
"o7dt","Simple Life Healthy Vegetarian Restaurant (AEON Bukit Tinggi)","Asian","4.3","(500+)","Klang",""
"ja06","Coco Loca, Coconut Shake (Sentosa)","Beverages","4.6","(1000+)","Klang",""
"j3ti","AG BURGER","Burgers","4.5","(15)","Klang",""
"wmmp","MR FISH & SEAFOOD NOODLES (Klang)","Seafood","3.9","(100+)","Klang",""
"s3wq","Che Go Korean BBQ RESTAURANT (Bukit Tinggi)","Chicken","4.6","(1000+)","Klang",""
"o0jk","Mr.Dakgalbi (AEON Bukit Tinggi)","Fried Rice","4.5","(500+)","Klang",""
"a1sa","llaollao (Aeon Bukit Tinggi)","Desserts","4.7","(100+)","Klang",""
"wby3","Cozy Haus","Western","4.6","(57)","Klang",""
"g7h2","NASI LEMAK POK TAM","Malaysian","4.9","(37)","Klang",""
"n9qm","Kenny Rogers Roasters (AEON Bukit Tinggi, Klang)","Chicken","4.5","(3000+)","Klang",""
"yxft","LiHO Tea (Aeon Bukit Tinggi)","Beverages","4.7","(100+)","Klang",""
"b1iu","TGV Cinemas (Bukit Tinggi)","Snacks","4.7","(100+)","Klang",""
"dxmr","Auntie Anne's (AEON Bukit Tinggi AA178)","Cakes","4.4","(100+)","Klang",""
"p3gh","Ocean Cafe","Chinese","4.6","(2000+)","Klang",""
"n5wu","Boat Noodle (AEON Bukit Tinggi)","Chicken","4.5","(1000+)","Klang",""
"s4lm","Black Canyon Restaurant (AEON Bukit Tinggi)","Tom Yum","4.6","(3000+)","Klang",""
"n1em","Gem Restaurant","Indian","4.5","(1000+)","Klang",""
"d8qq","MUZE CAFE AND BAR","Pasta","4.3","(23)","Klang",""
"so9k","Ngombe kopi - Klang","Coffee","5","(3)","Klang",""
"sw0v","Cafe 1986","Cakes","4.5","(100+)","Klang",""
"m1h1","Taco Bell (AEON Bukit Tinggi)","Chicken","4.4","(1000+)","Klang",""
"n2jx","Wan Telor Berlada","Malaysian","4.5","(100+)","Klang",""
"h2fn","BananaBro (Bukit Tinggi)","Asian","4.6","(94)","Klang",""
"y70e","Nasi Lemak Syukur","Nasi Lemak","4.3","(500+)","Klang",""
"vqoe","Jollibee (Aeon Bukit Tinggi)","Fast Food","4.3","(500+)","Klang",""
"ixo6","Vivo Pizza (AEON Mall Bukit Tinggi)","Malaysian","4.8","(6)","Klang",""
"fjbf","The Coffee Bean & Tea Leaf (AEON BUKIT TINGGI)","Coffee","4.6","(1000+)","Klang",""
"q9cx","Kim Gary Restaurant (Aeon Bukit Tinggi)","Asian","4.5","(3000+)","Klang",""
"r5ie","Starbucks (AEON Bukit Tinggi)","Coffee","4.7","(5000+)","Klang",""
"sy2g","RESTORAN NOOR CHAHAYA","Roti Canai","4.4","(100+)","Klang",""
"l4of","Sushi Akami","Japanese","4.4","(500+)","Klang",""
"q0zv","Gong Cha (Aeon Mall Bukit Tinggi)","Tea","4.7","(1000+)","Klang",""
"cjxo","FAMILY BBQ H&V SDN BHD","Meat","4.2","(8)","Klang",""
"hve7","Gigi Coffee (Aeon Bukit Tinggi)","Coffee","4.6","(500+)","Klang",""
"s9qk","RESTORAN CANTEEN","Curry","3.5","(35)","Klang",""
"yviy","Boost Juice (Aeon Bukit Tinggi)","Juice","4.7","(100+)","Klang",""
"kdm9","Dessert Station","Desserts","4.3","(100)","Klang",""
"bs69","KOI Thé (AEON Bukit Tinggi)","Asian","4.7","(100+)","Klang",""
"p7di","Kedai Omak Kito","Malaysian","4.7","(1000+)","Klang",""
"cqz8","RESTORAN YI PIN BA SHU","Chinese","4.3","(100+)","Klang",""
"tb0v","Kamil Kitchen","Burgers","3","(11)","Klang",""
"wdq8","Chan’s Kitchen","Indian","4.5","(11)","Klang",""
"xuxv","古早味豆浆椰浆饭@XF Homemade","Asian","5","(2)","Klang",""
"tvc4","Warung Cik Ana - GM Klang","Asian","4.9","(7)","Klang",""
"fzgi","CHAR KUEY TIOW YAM SEKO KLANG UTAMA","Kuey Teow","4.6","(100+)","Klang",""
"dv5l","Pakcik Nasi Campur ( GM Klang )","Soups","4.7","(1000+)","Klang",""
"rqcv","LONTONG ASLI KLANG","Rice Dishes","4","(21)","Klang",""
"ioob","RESTORAN AL-WAAJIBA (BATU BELAH)","Malaysian","4.4","(100+)","Klang",""
"hnc5","SARJAN SALAI","Asian","4.8","(500+)","Klang",""
"i4j8","Third Mile Cafe","Malaysian","4.3","(99)","Klang",""
"q7y1","Mama Kim Wellness Kitchen (Bandar Botanic)","Soups","4.2","(100+)","Klang",""
"o9dx","Ru Yu Xuan Local Flavour","Chinese","4.7","(500+)","Klang",""
"g6zk","Lilin Catering","Malaysian","4.7","(1000+)","Klang",""
"wvdl","Chiem Choo Bah Kut Teh","Chinese","1.8","(8)","Klang",""
"imnl","CHICKEN RICE","Malaysian","4","(39)","Klang",""
"ce3k","Coffee Origins","Asian","4.7","(92)","Klang",""
"fu3i","Classic Satti Soru Matahari","Fried Rice","5","(37)","Klang",""
"q1vx","TKU Restaurant","Chinese","4.7","(500+)","Klang",""
"xxve","BT Spice Delight","Asian","1","(1)","Klang",""
"d9cd","Ts Curry House","Indian","4.5","(500+)","Klang",""
"qw0w","Ndakek Pizza Klang","Pizza","5","(1)","Klang",""
"vs6e","SBA STAR","Asian","3.9","(9)","Klang",""
"b0uw","NASI KANDAR KELANA @ Matahari","Malaysian","4.4","(1000+)","Klang",""
"o6dj","Sajian Hayati","Malaysian","4.4","(100+)","Klang",""
"h8yw","SATE KAJANG HJ SAMURI (Bandar Botanic Klang)","Satay","4.5","(2000+)","Klang",""
"pk6e","TOM YUM SPECIALIST HAT YAI ORIGINAL","Ayam Penyet","3","(1)","Klang",""
"bdra","ASAM PEDAS UCU","Beverages","4.3","(36)","Klang",""
"e5ut","deli2go & Costa Coffee (SH Bandar Botanic Klang)","Bread","4.1","(18)","Klang",""
"hnhs","Poh Paleh Patin Tempoyak","Malaysian","4.7","(2000+)","Klang",""
"ikxm","LOLA MANGO","Malaysian","4.8","(56)","Klang",""
"z2kr","Mamu Corner","Malaysian","4","(1)","Klang",""
"dz4c","PKP BUDJET BRIYANI","Malaysian","4.3","(86)","Klang",""
"frd4","Cloud Saiva Vegetarian","Vegetarian","4.5","(100+)","Klang",""
"ovgx","AYAM PENYET DARO SPECIAL","Rice Dishes","4.3","(8)","Klang",""
"qua7","Kopi Saigon Kg Jawa, Klang","Asian","4.5","(28)","Klang",""
"j8xl","KULU KULOO SNACK CAFE","Fried Rice","4.7","(100+)","Klang",""
"q2kq","UNCLE THOMAS KOPITIAM","Malaysian","4.2","(100+)","Klang",""
"fgmf","Hashtag Pizza House","Pizza","4.3","(9)","Klang",""
"tauv","Burger zack","Burgers","4.8","(9)","Klang",""
"q6oy","NINE CHEE CHEONG FUN & YONG TOFU","Chinese","4.7","(100+)","Klang",""
"fakc","Restaurant Bin Xiang Minipot 槟香迷你锅小食馆","Malaysian","4","(1)","Klang",""
"fvjg","Hashtag Pasta House","Pasta","3.8","(33)","Klang",""
"a4yy","Tauhu Bakar Cek Mek Molek","Malaysian","4.6","(70)","Klang",""
"c5hc","Kungfu Sushi (GM Klang)","Sushi","4.4","(500+)","Klang",""
"te2x","Biryani Bro! (GM Klang)","Briyani","4.3","(100+)","Klang",""
"ztrs","Juicy Fresh Juice Bar (GM Klang)","Juice","4.7","(86)","Klang",""
"f15v","You Tiao Wang","Desserts","5","(5)","Klang",""
"u6ym","3 Monkeys Cafe","Indian","4.6","(500+)","Klang",""
"p1ex","Nasi Kerabu Murni","Chicken","4.4","(100+)","Klang",""
"q5ds","Muar Station (GM Klang)","Malaysian","4.2","(100+)","Klang",""
"vap5","Wan Tempoyak Patin Temerloh","Seafood","4","(32)","Klang",""
"n9ve","Nature Vegan","Vegetarian","4.7","(1000+)","Klang",""
"padp","Pak Jan Western @ Anytime","Western","3.9","(74)","Klang",""
"qxqf","DAPUR PANAS IBU","Ayam Penyet","4.2","(100+)","Klang",""
"t54o","Mr Krofel (GM Klang)","Desserts","1","(1)","Klang",""
"gi5n","Just You Dessert Cafe (Klang Parade)","Bread","4.6","(100+)","Klang",""
"w3qp","KungFu Ramen - GM Klang","Asian","5","(39)","Klang",""
"ukot","Koong Woh Tong (Klang Parade)","Tea","4.9","(100+)","Klang",""
"r2z5","Bungkus Kaw Kaw @ Gm Klang Wholesale City","Malaysian","4.2","(67)","Klang",""
"v2nk","Nasi Lemak Ana","Malaysian","4.9","(14)","Klang",""
"s4bf","Thai Food @ Klang Parade","Fried Rice","4.2","(100+)","Klang",""
"urfp","Legend Of Sui","Malaysian","4.9","(37)","Klang",""
"n8bx","Restoran Senyum Sokmo","Chicken","4.6","(4000+)","Klang",""
"n9qf","Don Kaiten Japanese Restaurant","Japanese","4.8","(100+)","Klang",""
"r53q","GERAI CIK LAILI","Asian","4.9","(4)","Klang",""
"jx7v","Chicken Rice @ Klang Parade","Chicken Rice","4.2","(100+)","Klang",""
"fu7v","Texas Chicken (Klang Parade)","Fast Food","4.6","(2000+)","Klang",""
"n9qs","Sisters Crispy Popiah (GM Wholesale City)","Malaysian","4.4","(500+)","Klang",""
"omaw","Restoran Kannaa's BMB","Malaysian","4.5","(100+)","Klang",""
"zc4i","AYAM PANGGANG @ GM Klang Foodcourt","Malaysian","4","(12)","Klang",""
"o1cu","Kopitiam Story","Chinese","4.6","(100+)","Klang",""
"n1ul","Makan Culture","Chicken","4.3","(100+)","Klang",""
"v1sw","Nasi Kerabu Ja Corner","Malaysian","4.5","(500+)","Klang",""
"o8ve","Restoran Dapur Hira","Chicken","4.6","(53)","Klang",""
"s8au","Hua wang steamed fish head","Chinese","4.5","(100+)","Klang",""
"i6g7","GSC (Klang Parade)","Cakes","5","(100+)","Klang",""
"s4jc","Warung Saniani","Fried Rice","4.6","(500+)","Klang",""
"yq8k","Poklie keropok lekor","Malaysian","4.9","(15)","Klang",""
"h9vh","Canton Wok @ Klang Parade","Asian","4.5","(500+)","Klang",""
"j6c9","Kashney's Kitchen","Malaysian","4.8","(4)","Klang",""
"ttt6","HUAT D T FOOD","Chinese","4.3","(8)","Klang",""
"h5pg","Nyonya Village Cafe","Fried Rice","4.5","(1000+)","Klang",""
"xtwh","Dapor Emmal","Malaysian","4.9","(67)","Klang",""
"j0xw","Big Apple Donuts & Coffee (Klang Parade)","Bread","4.7","(100+)","Klang",""
"t2hj","Classsic Briyani House","Briyani","4.4","(1000+)","Klang",""
"suvb","Umi's Korean Kimbap","Korean","5","(1)","Klang",""
"u1cu","Golden Bons Express (Bandar Botanic Klang)","Seafood","3.9","(3)","Klang",""
"qs8d","Restoran A &L","Noodles","4.7","(33)","Klang",""
"eeua","Kawan @ Centro Mall","Chicken","4.8","(11)","Klang",""
"nyc3","TAMIN ICE","Asian","3.9","(38)","Klang",""
"gdmk","Kaara Saaram Claypot Restaurant (Bandar Botanic)","Asian","4.6","(100+)","Klang",""
"e0tn","Thai Lin song Cafe","Thai","4.7","(12)","Klang",""
"jlnh","Nasi Lemak Jeman Padu","Nasi Lemak","4.5","(100+)","Klang",""
"edn0","Kalyana Samayal Satham","Rice Dishes","2.1","(34)","Klang",""
"nr7t","Nasi Kukus Berlauk Pok Tam","Malaysian","5","(29)","Klang",""
"g2ds","Mr Prata Restaurant","Roti Canai","3.9","(1000+)","Klang",""
"bs18","Ghane Burger","Burgers","4.9","(88)","Klang",""
"q07d","One Home Steamboat Restaurant 2","Chinese","4.1","(38)","Klang",""
"p3ej","Ah Her Bak Kut Teh 亞火肉骨茶 (Klang)","Rice Dishes","4.3","(100+)","Klang",""
"n3qu","Salero Bistro","Fried Rice","4.4","(3000+)","Klang",""
"miua","Rise N Rice Kafe & Katering","Asian","2.9","(22)","Klang",""
"tnxk","Timez Cafe","Malaysian","4.3","(100+)","Klang",""
"t3ve","Lai Choon Bah Kut Teh 来春烘肉骨茶","Rice Dishes","4.7","(100+)","Klang",""
"n6qu","Foon Village Kopitiam","Malaysian","4.3","(500+)","Klang",""
"y7vo","Nasi Kandar (Econsave Klang Utama)","Malaysian","4.7","(500+)","Klang",""
"gozb","Da moment Cuisine 憶刻茶室","Chinese","3.7","(6)","Klang",""
"ebas","Nyonya Curry House (Hotel Histana)","Chinese","4.8","(100+)","Klang",""
"cx93","Kin Kong Bak Kut Teh","Rice Dishes","4.4","(100+)","Klang",""
"paci","THAI YUMMY KP","Fried Rice","4.2","(12)","Klang",""
"n0ui","SAW KITCHEN","Chicken Chop","4.5","(1000+)","Klang",""
"n5hx","Maharani chicken rice","Chicken","4.2","(500+)","Klang",""
"n2dw","The Shepherdoo Restaurant & Lounge","Western","4.4","(89)","Klang",""
"wg67","Muthu Spicy Corner(Taman Sejati)","Indian","4.6","(9)","Klang",""
"leij","Eng Ann Chee Cheong Fun @ Restoran Yin Shi","Chinese","4.5","(100+)","Klang",""
"c0oc","72 Bar & Restaurant","Noodles","4.8","(100+)","Klang",""
"a9dm","Restoran Quan Jia","Noodles","4.8","(1000+)","Klang",""
"xim1","Empat Sekawan Kopitiam","Malaysian","4.9","(29)","Klang",""
"w3nk","葉城 ( 亁 ) 肉骨茶 Restoran Yap Seng Bah Kut Teh","Chinese","4.8","(1000+)","Klang",""
"t2bk","Eng Chun Bak Kut Teh","Rice Dishes","4.5","(100+)","Klang",""
"l2lk","RESTORAN CHEE PENG KOPITIAM(重庆麻辣烫chong qing spicy hot pot)","Soups","4.7","(500+)","Klang",""
"gvwm","Steamboat & Goreng-Goreng","Fried Rice","4.4","(40)","Klang",""
"i3so","JING YUN XUAN VEGETARIAN RESTAURANT","Vegetarian","4.6","(1000+)","Klang",""
"zroe","Nasi kukus Ketagih Klang","Malaysian","4.3","(61)","Klang",""
"c8uu","Azmie Kitchen","Chicken","4.7","(2000+)","Klang",""
"k1or","Mama Kitchen","Chicken","4.8","(100+)","Klang",""
"xxbe","NASI LEMAK HIJAU PANDAN MAMA ZANA","Malaysian","2.8","(4)","Klang",""
"n1fq","Lan Je Steam Fish ( Klang )","Seafood","4.6","(100+)","Klang",""
"n5tz","SMK Corner","Malaysian","4.3","(1000+)","Klang",""
"jrzb","TEA STALL - MALAYSIAN FAMOUS TEA","Asian","5","(19)","Klang",""
"jzin","SENI SATTISORRU (Klang)","Malaysian","4.4","(100+)","Klang",""
"wc8h","Tang Yuan (Ambang Botanik)","Desserts","5","(37)","Klang",""
"r6a5","良记海鲜饭店 New Leong Kee Restaurant","Seafood","4.4","(7)","Klang",""
"t7cz","KFC (Gravit 8)","Fried Chicken","4.4","(5000+)","Klang",""
"b3kx","My Bingsu","Desserts","5","(1)","Klang",""
"g3j5","JOIN THE MUNCH SDN BHD","Malaysian","5","(1)","Klang",""
"ibf6","Fried Rice By Han","Asian","4.9","(22)","Klang",""
"w5du","Gowri Spices Curry House","Indian","4.2","(1000+)","Klang",""
"iyv1","二师兄肉骨茶 Pig Brothers Bah Kut Teh-Lucky Street","Chinese","4.2","(8)","Klang",""
"sjmd","Hon Kei Spicy Soup | 翰记辣汤","Asian","4.5","(100+)","Klang",""
"l8cd","Restoran Jia shen Mee Hoon Kuih","Malaysian","4.3","(4)","Klang",""
"r7uz","Ah Xian Vegetarian@Kim Kau Shen Restaurant","Malaysian","4.5","(100+)","Klang",""
"zt8e","Samsul satay","Malaysian","3.8","(2)","Klang",""
"umbr","Restoran Ipop Bistro","Asian","4.7","(48)","Klang",""
"p8ae","RESTORAN TASTEBUDS BOTANIK","Pisang Goreng","4.3","(500+)","Klang",""
"wkv8","FAT LOOK CHICKEN CHOP RICE & SPAGHETTI @ 33 Food Centre Klang Utama","Italian","4.5","(41)","Klang",""
"iic3","Lucky Food Street @ Claypot Chicken Rice","Chicken Rice","4.4","(71)","Klang",""
"mma2","India Gate Restaurant (Klang)","Indian","4.7","(100+)","Klang",""
"c155","Ah Joo Chee Cheong Fan Food @ 33 Food Court Taman Klang","Asian","4.3","(18)","Klang",""
"t8jw","Chicken rice express (botanic)","Chicken","4.6","(100+)","Klang",""
"yvzy","De Leaf Kitchen","Indian","4.3","(1000+)","Klang",""
"ap5o","Hiong Kee Bah Kut Teh Restaurant","Chinese","4.4","(100+)","Klang",""
"wotn","TEH HO GAI","Chinese","5","(12)","Klang",""
"m36g","Kowloon Bubble Waffle (33 Food Court Klang Utama)","Asian","4.4","(68)","Klang",""
"nk7p","Dapur Anis Yaya","Ice Cream","4.6","(78)","Klang",""
"pcs8","Bobalife (Taman Berkerly)","Desserts","4.8","(69)","Klang",""
"e7ft","PULAU KETAM CUISINE (33 klang utama)","Chinese","4.6","(100+)","Klang",""
"urxt","阿仔煮炒 Ah Zai Kitchen","Chinese","1","(1)","Klang",""
"c6e1","Xiao Ming Zha Chuan (Sichuan Skewers)","Malaysian","4.8","(57)","Klang",""
"sw3t","Annie Lemon Chicken Rice (33 Food Court)","Chicken Rice","4.3","(100+)","Klang",""
"b35b","Ayam Geprek Enak Banget","Malaysian","4.6","(64)","Klang",""
"nyjf","Nasi lemak kangkung mak long","Malaysian","4.9","(100+)","Klang",""
"jbyg","Prem CurryHouse","Indian","1.8","(39)","Klang",""
"jip7","Big Mouth Seafood Restaurant","Fried Rice","4.5","(1000+)","Klang",""
"q9mt","Chui Yi Wan Tan Mee","Dim Sum ","4.4","(100+)","Klang",""
"ife2","TC Wantan Noodle@33 Food Court","Noodles","4.7","(100+)","Klang",""
"iz3p","Sha Dessert Delights","Malaysian","5","(1)","Klang",""
"e069","LEI BOWL","Asian","4.5","(6)","Klang",""
"xfj6","Restoran Moden Cuisine","Malaysian","4.6","(100+)","Klang",""
"iwjn","UCUMIE FOODS & FRUITS","Juice","4.7","(100+)","Klang",""
"xtp0","NY Steak Shack - KitchenCo (Ambang Botanic)","Chicken","4.4","(50)","Klang",""
"a12m","Uncle Win's burger","Burgers","4","(8)","Klang",""
"v6vu","CT takoyaki","Japanese","4.5","(100+)","Klang",""
"qqwu","Co-Nosh","Desserts","5","(5)","Klang",""
"bjif","Uncle Soon Fried Rice Klang","Chinese","4.7","(76)","Klang",""
"zy6i","Botanic Garden Kopitiam","Asian","2.9","(2)","Klang",""
"cer2","My Pasta Box - Klang","Asian","3.8","(2)","Klang",""
"xmt3","Jia Taiwan","Asian","5","(38)","Klang",""
"y5s2","10 PASENTO KLANG","Bubble Tea","4.8","(28)","Klang",""
"n6cw","Namasthe Vegetarian Restaurant","Vegetarian","4.5","(500+)","Klang",""
"azku","Tiga Budak Gemok (KitchenCo @ Bdr Botanic)","Chicken","4.7","(500+)","Klang",""
"q0yu","Ah Her Bak Kut Teh 亞火肉骨茶 (Botanic)","Rice Dishes","4.2","(100+)","Klang",""
"dkz1","Shi-Wu","Western","4.7","(2)","Klang",""
"k4tn","HONG TASTE NOODLE","Noodles","4.2","(100+)","Klang",""
"wcum","Fried Chicken & Nasi Lemak – Jackson Chia","Nasi Lemak","1.7","(15)","Klang",""
"t9ql","Eng Cun Bak Kut Teh","Rice Dishes","4.7","(100+)","Klang",""
"mol5","Chef Chicken (Klang)","Asian","4.6","(47)","Klang",""
"n9wv","RESTORAN HAJI IQBAL","Malaysian","4.6","(500+)","Klang",""
"k8vq","SAIFUL BURGER TANJUNG HARAPAN","Burgers","5","(36)","Klang",""
"m56w","Restoran De'Lareez","Malaysian","4.5","(500+)","Klang",""
"f0pt","Snack Halt","Malaysian","4.6","(100+)","Klang",""
"vub6","Nasi Lemak Enoki","Asian","5","(2)","Klang",""
"jl7k","JSH Indian Claypot Rice","Chicken Rice","3.5","(30)","Klang",""
"fcbj","Jia Jia Restoran","Chinese","4.5","(23)","Klang",""
"yw0i","Xiao Ming Zha Chuan (Sichuan Skewers) - Bukit Raja","Chinese","4.4","(87)","Klang",""
"rm5t","HERITAGE KOPITIAM","Chinese","5","(24)","Klang",""
"rr2w","The Manhattan Fish Market (KitchenCo Ambang Botanic)","Seafood","4.4","(93)","Klang",""
"jo4r","Chill Camp","Asian","5","(1)","Klang",""
"l54m","NAMASTHE CORNER","Indian","3.9","(100+)","Klang",""
"a2i0","Daporlah - KitchenCo (Ambang Botanic)","Chicken","4.4","(100+)","Klang",""
"aom9","Nice Catch (KitchenCo Ambang Botanic)","Burgers","5","(1)","Klang",""
"d6lp","KAH KAKILANG KOPITIAM ( BROTHERS SEH CHEE CHEONG FUN)","Chinese","4.8","(84)","Klang",""
"g1gt","Tapau Street (Klang)","Malaysian","2.7","(8)","Klang",""
"m734","get together coffee shop","Asian","3.9","(59)","Klang",""
"wras","THE GRASS DESSERT & BEVERAGE (KLANG)","Desserts","4.5","(500+)","Klang",""
"j5nn","BK'S INDIAN CLAYPOT RICE","Indian","4.9","(53)","Klang",""
"vbee","Restoran LaliSan","Roti Canai","4.7","(63)","Klang",""
"ueto","Restoran Botanic Garden Kopitiam鱼肉米粉","Asian","4.7","(3)","Klang",""
"a7oj","Pao Xiang Bah Kut Teh","Rice Dishes","3.9","(40)","Klang",""
"e0m2","Chickin Box (Klang)","Asian","5","(12)","Klang",""
"xd5a","Osthi Food Stall","Indian","4.3","(100+)","Klang",""
"rfzz","Wo Jia Fried Chicken Corner (Taman Sentosa)","Chinese","5","(14)","Klang",""
"pl6p","JOHAN D'LICIOUS","Malaysian","3.2","(3)","Klang",""
"k2nz","Claypot Porridge（Restaurant Chan Chan Xin Shi）Bdr Bkt Raja","Porridge","4.6","(500+)","Klang",""
"nw1y","Asam Pedas Juelicious","Malaysian","5","(2)","Klang",""
"n3iy","Nasi Kandar Mamu Penang","Nasi Kandar","4.4","(2000+)","Klang",""
"kiok","NASI KANDAR MAN JELUTONG","Malaysian","4.6","(100+)","Klang",""
"h1c3","Kak Long Ayam Goreng Kunyit","Asian","5","(1)","Klang",""
"v1lp","Satay Yakitory @ Bkt Raja","Malaysian","4.5","(15)","Klang",""
"t38r","Hangout 2.0","Western","5","(1)","Klang",""
"gi9u","Machaa Cendol & Rojak","Malaysian","3","(1)","Klang",""
"n9uk","Hong Yun Bah Kut Teh Restaurant (KuihInn)","Cakes","4.3","(100+)","Klang",""
"rcrg","Yasashi cafe","Vegetarian","4.9","(11)","Klang",""
"p7yy","Calvin Hot Wok","Chinese","4.6","(500+)","Klang",""
"xnc9","Pak Lang Satay (Taman Mesra Fasa 1)","Malaysian","3.8","(9)","Klang",""
"sc74","Angel Nasi Lemak","Asian","3.8","(37)","Klang",""
"xy5u","SG CLAYPOT AND BRIYAANI CAFE","Briyani","4.1","(75)","Klang",""
"ua7w","Ji De Lai Fried Noodle Stall (Garden Food Point)","Chinese","4.2","(100+)","Klang",""
"ildp","Arion Thai Kitchen","Asian","2.9","(6)","Klang",""
"eif2","Weng Kee Chicken Chop Rice","Chinese","4.8","(6)","Klang",""
"q7vd","Little Chef Western Food","Chicken Chop","4.8","(100+)","Klang",""
"cow9","Halal-Segar Dimsum Klang","Malaysian","5","(48)","Klang",""
"t43j","GOOD TASTE Fresh Kerang Char Kuey Teow","Asian","4.7","(6)","Klang",""
"wupd","RESTORAN LEM LYE HOO","Kuey Teow","4.5","(66)","Klang",""
"uz0j","Sizzling Noodle 铁板面 - Restoran Hong Yun 鸿运茶餐室 Bandar Bukit Raja Klang","Chinese","4.7","(13)","Klang",""
"bvix","Moving Cafe Crispy Chicken Burger","Burgers","4.5","(59)","Klang",""
"o0su","BBK SOON KEE Seafood Restaurant","Fried Rice","4.6","(500+)","Klang",""
"hd4z","BAROKAH ICHA","0 min","4.6","(7)","Klang",""
"njfj","CY Popiah","Chicken","3.8","(14)","Klang",""
"krwq","Warung Family (Bukit Kuda)","Asian","4.1","(12)","Klang",""
"zkw3","Abrirene Burger Corner","Burgers","4.6","(5)","Klang",""
"hnfd","Ryan's Kitchen","Malaysian","5","(4)","Klang",""
"s2st","Fatt Kei Yong Tau Fu","Chinese","4.7","(500+)","Klang",""
"wx3t","JDY Yummy Dessert 记得Yum糖水","Malaysian","5","(5)","Klang",""
"bmf6","NILA FAMILY RESTAURANT","Indian","4.3","(100+)","Klang",""
"dfoe","SSC Briyani","Indian","5","(1)","Klang",""
"hy2g","Dad Lam Chicken Chop Rice@Hong Yun Bak Kut Teh Restaurant","Western","4.7","(19)","Klang",""
"jc8q","Fiq Western","Western","4.1","(85)","Klang",""
"yruw","Uncle Soon Fried Rice (Bukit Raja)","Chinese","4","(5)","Klang",""
"nxgt","Satay Yakitory @ Aman Perdana","Asian","5","(1)","Klang",""
"r1th","Restaurant Nandi","Malaysian","3.8","(92)","Klang",""
"p4pe","Vjaya's indian cuisine","Chicken","3.7","(100+)","Klang",""
"qbel","KEDAI MAKAN CITA RASA HAMID","Malaysian","1","(1)","Klang",""
"eucu","US’DE Noodle Stall (BBK Kopitiam)","Chinese","4.2","(69)","Klang",""
"wwoi","Rezeki Ayam Penyet","Ayam Penyet","4.1","(100+)","Klang",""
"fd36","Kiyshen Food Stall","Indian","4.3","(52)","Klang",""
"y1mn","DELL'iSYA TOMYAM","Fried Rice","4.7","(100+)","Klang",""
"q42s","LGP Meal @ Mikey Kopitiam","Noodles","4.7","(100+)","Klang",""
"guvh","Roti Canai Abang Mie","Malaysian","5","(18)","Klang",""
"d8ej","Restoran Al-Shariff","Malaysian","4.5","(500+)","Klang",""
"cfqe","Ken Connaught Restaurant 康乐海鲜饭店","Chinese","4.3","(100+)","Klang",""
"o1yf","Restoran Mamak Mia","Indian","4.7","(500+)","Klang",""
"q9dd","Osaka Japanese Restaurant","Sushi","4.7","(75)","Klang",""
"qthp","Thai Food @ Lucky HH Restaurant","Chinese","4.6","(88)","Klang",""
"a2ln","Aman Perdana Air Balang Padu","Malaysian","3.3","(2)","Klang",""
"bxgb","Burger King (Aman Perdana)","Burgers","4.6","(1000+)","Klang",""
"swcv","KLANG FOOD CENTRE","Chinese","4.8","(24)","Klang",""
"burk","Saravanan Vegetarian Restaurant - Taman Sentosa","Indian","2.8","(6)","Klang",""
"dzzp","Mahisha Delights","Malaysian","2.7","(3)","Klang",""
"qjri","BUBBLER MALAYSIA","Bubble Tea","4.3","(84)","Klang",""
"qhjf","Baan Korat Thai Restaurant","Seafood","4.7","(100+)","Klang",""
"n5wo","Restoran nasi lemak azlin","Nasi Lemak","4.6","(3000+)","Klang",""
"iv8g","TRIPLE'C Panipuri","Indian","1.4","(4)","Klang",""
"oi88","极品传统点心 粥面馆 The Best Dim Sum & Porridge Noodle House (Aman Perdana)","Dim Sum ","4.7","(100+)","Klang",""
"lz5c","KITA Kopitiam - Bandar Baru Klang","Nasi Lemak","4.7","(100+)","Klang",""
"y782","PORK NOODLES @ Lucky HH Restaurant","Chinese","4.6","(4)","Klang",""
"n0zx","The Taste Vegetarian Cafe","Vegetarian","4.6","(100+)","Klang",""
"udcx","Jom Sarapan Dulu Enterprise","Malaysian","4.3","(58)","Klang",""
"w8sw","Ashiqin Burger","Burgers","5","(39)","Klang",""
"n2xu","Restoran Windmill. (BBK Klang)","Malaysian","4.3","(100+)","Klang",""
"cjpf","MYUNG-GA KOREA BBQ","Malaysian","4.5","(53)","Klang",""
"g6gq","AMUS CORNER (Pangsapri Orch's)","Indian","4.5","(54)","Klang",""
"vg3c","Restoran Nasi Kandar R Z","Malaysian","4.1","(61)","Klang",""
"n1xz","Country Cafe","Asian","4.4","(500+)","Klang",""
"p0wb","The Whale Tea (Bandar Bukit Raja)","Bubble Tea","4.8","(500+)","Klang",""
"rlqe","Restoran Nasi Kandar Shifa","Malaysian","3.5","(30)","Klang",""
"gs5u","Royale Toh Yuen Restaurant","Seafood","4.5","(20)","Klang",""
"o6kr","OldTown (AEON Bukit Raja)","Malaysian","4.4","(500+)","Klang",""
"c2ef","Ibrahim Bistro","Asian","3.9","(69)","Klang",""
"s8b2","SG PULOH CHICKEN RICE","Halal","4.5","(5)","Klang",""
"m67b","Yunke Gourmet","Noodles","3.4","(17)","Klang",""
"ux94","AYAM D' PENYET","0 min","5","(18)","Klang",""
"qyb6","WARUNG HALAL DIM SUM & PAU","Asian","4.6","(53)","Klang",""
"t4xt","Hometown Hainan Coffee (Bandar Baru Klang)","Malaysian","4.3","(100+)","Klang",""
"s1kl","Johnny's Restaurant (AEON Bukit Raja)","Fried Rice","4.7","(3000+)","Klang",""
"urs2","T. Bun Kitchen","Korean","4.7","(100+)","Klang",""
"yuum","Restoran Ah Hook (Klang)","Chicken","4.7","(100+)","Klang",""
"rkbc","Leaf Vegetarian","Vegetarian","4.4","(100+)","Klang",""
"b6k5","Satay Isa","Chicken","4.9","(100+)","Klang",""
"veez","Backyard Burger Boy","Malaysian","3.9","(4)","Klang",""
"yisn","Roasted chicken duck Bandar puteri","Chinese","4.2","(58)","Klang",""
"kuzv","Homz Kitchen @ Winz Mart","Chicken Chop","4.9","(69)","Klang",""
"i6zs","Rozmitten Cakes & Pastry","Malaysian","3","(8)","Klang",""
"p6or","Restoran Teratak Kasih RM","Nasi Lemak","4.5","(100+)","Klang",""
"sdge","Restoran Sri Bandar Puteri","Roti Canai","4.5","(100+)","Klang",""
"zuw5","Nasi Kandar Mahmud (Sungai Jati)","Nasi Kandar","3.9","(100+)","Klang",""
"uspi","Nasi Kandar Original Melayu","Malaysian","3.8","(33)","Klang",""
"qgbc","Food Avenue (AEON Mall Bukit Raja Western Cuisine)","Pasta","4.5","(63)","Klang",""
"k3gq","Indian Food","Indian","5","(2)","Klang",""
"eu7p","RESTORAN MIQAILA TOMYAM SEAFOOD","Asian","4.5","(100+)","Klang",""
"w2tw","Little Nyonya Cuisine (Aeon Bukit Raja)","Chinese","4.7","(500+)","Klang",""
"yrxs","UTURN BURGER","Burgers","4","(5)","Klang",""
"sgdh","SS BLISSFUL CAKES & DESSERTS","Cakes","4.9","(11)","Klang",""
"xty3","AYAM PENYET","Malaysian","4.6","(10)","Klang",""
"s6ph","Baskin-Robbins (AEON Bukit Raja)","Desserts","4.5","(100+)","Klang",""
"fwf4","Rajen global trading","Indian","4.6","(85)","Klang",""
"mfr5","Azie Delight","Beverages","4.5","(100+)","Klang",""
"q8sp","Fu Zhou Noodles @ Saw Kitchen","Chinese","4.8","(31)","Klang",""
"zvnz","Yuan Feng Kopitiam 源丰茶室","Chinese","5","(2)","Klang",""
"ntje","Ikan Bakar Portugis Abe Yus (Jusco Bukit Raja)","Seafood","4.3","(100+)","Klang",""
"ngl3","BURGER ATOK SALAI","Fast Food","4.9","(34)","Klang",""
"w5cg","Restoran Kak B","Roti Canai","4.8","(19)","Klang",""
"o51o","Mr Abc Rojak Cendol","Desserts","5","(8)","Klang",""
"q0os","Fu Zhou Noodles @ HQ","Noodles","4.4","(100+)","Klang",""
"th7q","Restoran Mikayla","Fried Rice","4.5","(100+)","Klang",""
"pqbp","Roddu Kadai","Malaysian","3.8","(2)","Klang",""
"isq4","Itik Salai Atok","Malaysian","5","(29)","Klang",""
"gexg","DOE CAFE","Western","5","(40)","Klang",""
"b5fc","JNJ KITCHEN","Chicken Chop","3.9","(28)","Klang",""
"phf8","Restaurant Sri Sentosa Curry House","Roti Canai","4.8","(100+)","Klang",""
"wl8k","Gerai Ummi","Malaysian","4.3","(99)","Klang",""
"r6xi","Cendol Mie","Desserts","4.7","(100+)","Klang",""
"xefv","DCHETTYS BRIYANY & SPICES (PARKLANDS)","Indian","4.1","(100+)","Klang",""
"fhm4","Hainan Village (Bandar Bukit Raja)","Malaysian","5","(1)","Klang",""
"jmz4","Restoran D’Hawa Recipes","Chicken","4.7","(1000+)","Klang",""
"ffgi","WaNiey Cafe (Bandar Parklands)","Fried Rice","4.7","(500+)","Klang",""
"hbp5","Mk Burger -Taman Kandis Permai","Burgers","4.9","(18)","Klang",""
"dmnd","Nasi Lemak Aghalya","Indian","2.1","(3)","Klang",""
"qa9n","Below40Degree 排骨王 （138 Parklands Kopitiam)","Asian","4.5","(100+)","Klang",""
"d38e","TRIPLE B","Burgers","4.9","(4)","Klang",""
"umye","TY Curry House","Indian","3","(16)","Klang",""
"vyyz","Warisan Nasi Kukus (Restoran Parklands New World)","Malaysian","4.6","(66)","Klang",""
"g2yh","Kao Kor Restaurant 九哥茶室","Chinese","4.7","(55)","Klang",""
"vqc6","Pisang Goreng Panas Ibu (Bukit Raja)","Malaysian","4.4","(50)","Klang",""
"cc1c","Ba Kua Bread 肉干面包 - Sisters Kitchen (Kopitiam Story)","Sandwiches","4.9","(25)","Klang",""
"wyj0","Brother's Kitchen","Roti Canai","4.4","(16)","Klang",""
"t4m7","NEW HONG KONG RESTAURANT","Asian","4.9","(44)","Klang",""
"xhyz","Restoran Cik Su","Asian","4.7","(2000+)","Klang",""
"ldu8","Pisang Goreng Panas Ibu (Setia Alam)","Malaysian","4.6","(100+)","Klang",""
"ih40","Lysha Licious Delight","Malaysian","2.5","(46)","Klang",""
"kb6w","OAG Original Ayam Goreng","Malaysian","4.3","(100+)","Klang",""
"felp","SADAM NASI KANDAR @ KAPAR","Nasi Kandar","2.6","(15)","Klang",""
"r4sj","Mithra Indian Kitchen","Indian","4.4","(1000+)","Klang",""
"umk9","CHAY and SPICY","Indian","5","(25)","Klang",""
"hnjd","Panda boba arista","Malaysian","4.3","(100+)","Klang",""
"nuzv","Restoran Mawaddah Ski","Malaysian","4.7","(100+)","Klang",""
"dxbj","Kung Fu Crab - Parklands","Malaysian","4.7","(21)","Klang",""
"gdk2","KUNGFU MOOKATA","Thai","4.4","(39)","Klang",""
"ixqg","Taste Of Home Food","Cakes","2.6","(3)","Klang",""
"a736","RESTORAN RMN","Asian","3.5","(3)","Klang",""
"lm2u","Cenonet Cafe","Roti Canai","4.7","(100+)","Klang",""
"f8di","Faith Noodle House","Chinese","4.5","(500+)","Klang",""
"nnf1","JM Bakery And Beverage","Desserts","5","(1)","Klang",""
"u0ar","Dinamik Cafe N Restoran","Malaysian","4.6","(500+)","Klang",""
"xb96","Nursyifa Cake (Sementa)","Cakes","4","(26)","Klang",""
"rkwh","Masakan Cina Muslim","Pancakes & Waffles","4.5","(10)","Klang",""
"ez0j","Futiq Ice Blendz (Telok Panglima Garang)","Beverages","4.8","(100+)","Klang",""
"bski","Pisang Goreng Panas Ibu Masak (Bukit Raja)","Asian","4.5","(90)","Klang",""
"cu0h","Adhwa Alisya Food","Malaysian","4.8","(9)","Klang",""
"ekbg","Juice.MY (NSK Klang Sentral)","Beverages","4.7","(29)","Klang",""
"z0bj","Abe Mie Nasi Kukus","Nasi Kukus","4.7","(1000+)","Klang",""
"ik3n","Kak Fatimah Nasi Ayam Penyet","Malaysian","5","(1)","Klang",""
"yoqp","Vegecaters","Indian","4.5","(500+)","Klang",""
"g5pc","Khunthai Village Restaurant (Klang)","Fried Rice","4.7","(100+)","Klang",""
"dtg4","Mi Tarik Barakah","Chinese","4.7","(71)","Klang",""
"gide","Ayam Tempayan @ Kilang Kitchen","Chicken","3.9","(67)","Klang",""
"varu","SVL RESTAURANT","Malaysian","4.5","(54)","Klang",""
"x24g","Nasi Lemak Siti","Malaysian","4","(6)","Klang",""
"cyji","gonchangviral","Malaysian","4.3","(21)","Klang",""
"irbh","Restoran azemah","Malaysian","4.6","(1000+)","Klang",""
"yv9b","nurul","Cakes","4.7","(5)","Klang",""
"q7i7","SAIFUL BURGER 5G","Burgers","4.5","(100+)","Klang",""
"l8fk","THE SAMBAL","Malaysian","4.6","(500+)","Klang",""
"hztt","Achi Vadai","Indian","4.7","(28)","Klang",""
"rbe2","MALER CURRY HOUSE","Asian","4.2","(100+)","Klang",""
"qvld","Ayam Cincang Mekna","Chicken","4.2","(100+)","Klang",""
"a0qf","Pak Li Kopitiam (Klang Sentral)","Malaysian","4.8","(5000+)","Klang",""
"o9zj","Dapo Dondon","Chicken","4.7","(5000+)","Klang",""
"hzpy","VIP Container","Fried Rice","4.2","(3)","Klang",""
"xe1y","Warung Pak Mus","Fried Rice","4.3","(82)","Klang",""
"u0x5","Dapur Klasik Nasi Lemak Ayam Rempah","Malaysian","2","(1)","Klang",""
"vrsp","Victony Food Conner","Malaysian","4.5","(5)","Klang",""
"u2he","Restoran Nasi Kandar Dinnar","Indian","4.5","(96)","Klang",""
"q3ac","Restoran Mamu AK Bistro","Roti Canai","4.7","(1000+)","Klang",""
"ulaq","MUTHU SPICY CORNER","Indian","4.3","(78)","Klang",""
"r8nm","Sizzling & Claypot @ Restoran D'Garden","Malaysian","4","(62)","Klang",""
"o0cd","Golden Takoyaki","Takoyaki","4.5","(500+)","Klang",""
"qukn","Kopi Dua Darjat (Seksyen 7)","Coffee","4.6","(69)","Klang",""
"q4wt","Nasi Kandar Takbir","Nasi Kandar","4.3","(1000+)","Klang",""
"vtdh","Corndott Cheese (Setia Prima)","Asian","5","(4)","Klang",""
"lu4o","Cheese Tarik Marvallous","Fast Food","4.4","(60)","Klang",""
"e5ej","Western N Grill @ Kilang Kitchen 3","Western","3.1","(39)","Klang",""
"fsvt","RYZ Burger","Nasi Kukus","4.6","(10)","Klang",""
"ekta","Wingstreet (Bukit Raja SB)","Fast Food","4.6","(6)","Klang",""
"kng2","Shoo Shedapp Place @ Kilang Kitchen 3","Malaysian","4.7","(20)","Klang",""
"uw1z","Nasi Lemak Kangkung Kak Nab's Setia Indah","Malaysian","5","(1)","Klang",""
"wzci","Mummy's kitchen","Indian","3.5","(14)","Klang",""
"o1cn","Restoran Bintang Bistro (Klang Sentral)","Fried Rice","4.5","(2000+)","Klang",""
"pyit","Daily Fresh (KSL ESPLANADE MALL)","Malaysian","5","(1)","Klang",""
"g3nq","Ayam Gepuk Wak Kardan (Pekan Meru)","Asian","4.7","(4000+)","Klang",""
"m35b","Raziha Tom Yumz & Grillz","Fried Rice","4.6","(500+)","Klang",""
"bsmk","Kampong Cafe","Desserts","5","(14)","Klang",""
"pc03","BURGER JOHN CORNER","Malaysian","4.5","(79)","Klang",""
"x5tt","Nasi Ayam Madu BP2 - Klang","Malaysian","3.6","(38)","Klang",""
"x7da","paman mango float","Beverages","4.8","(100+)","Klang",""
"wq9y","Night Snacks And Food","Asian","5","(4)","Klang",""
"n8na","Mikhuzasushi","Sushi","4.8","(100+)","Klang",""
"d7k2","adz corner","Seafood","2.9","(18)","Klang",""
"q26u","Restoran Rahmat Tan (Jalan Kebun)","Asian","4.6","(100+)","Klang",""
"ujf3","emart24 (KSL Avenue) (Restaurant)","Korean","4.8","(100+)","Klang",""
"d818","Warung 2587","Asian","5","(6)","Klang",""
"i40q","Mini Pancake By FYPStations @ Meruport","Desserts","4.8","(58)","Klang",""
"yg7m","UPMAH","Indian","5","(20)","Klang",""
"efb3","Muiz Hot Chicken (Meru)","Fast Food","4.9","(48)","Klang",""
"p2vb","Big Mouth Station @ Uptown Setia Alam","Burgers","4.6","(500+)","Klang",""
"oqlu","HOME KITCHEN","Malaysian","3.5","(26)","Klang",""
"e4uu","Mykori Dessert Cafe (KSL Avenue)","Desserts","4.8","(100+)","Klang",""
"ze0a","Wannor Tomyam Seafood","Asian","4.1","(9)","Klang",""
"c6oe","KIOSK RONEY SATAY (BANDAR PUTERA 2)","Chicken","4.8","(100+)","Klang",""
"kf43","FAHMI KAMBING BAKAR BERAPI","Malaysian","4.6","(100+)","Klang",""
"e5md","Wan Ayam Rangup","Fried Chicken","4.2","(1000+)","Klang",""
"eu5k","Warong Jeliah","Asian","3.8","(2)","Klang",""
"mq82","I Love Yoo! (KSL Esplanade Klang)","Asian","4.3","(7)","Klang",""
"vrh2","Bossy Deals","Asian","4.5","(59)","Klang",""
"wszc","Dsane bakery (Kapar)","Malaysian","4.9","(13)","Klang",""
"upxa","Mee Hiris China Muslim @ KSL Esplanade Mall","Asian","5","(22)","Klang",""
"am2d","Black Whale Cunfry (KSL Esplanade)","Malaysian","4.6","(55)","Klang",""
"x7dg","IKAN BAKAR STATION (Klang)","Asian","4.8","(500+)","Klang",""
"zn91","Don's Western","Western","4.9","(16)","Klang",""
"n5xu","Hanan Cafe","Pasta","4.2","(500+)","Klang",""
"n6xu","Kambing Bakar Jijah","Malaysian","4.4","(4000+)","Klang",""
"n8vv","Restoran SV Sri Rantau","Roti Canai","4.5","(500+)","Klang",""
"n7fg","Kambing Bakar Adem Cherry","Fried Rice","4.1","(500+)","Klang",""
"v7nw","PISANGO SDN BHD","Asian","5","(1)","Klang",""
"p507","Burger A","Burgers","5","(11)","Klang",""
"h3tx","The Seafood","Seafood","4.5","(73)","Klang",""
"xovx","Restoran 1894","Malaysian","4.6","(500+)","Klang",""
"wr5n","Uncle Tok Coconut Shake Drive Thru","Beverages","4","(1)","Klang",""
"c1vl","Momosan Donburi @ Jin Hochiak Kopitiam","Fried Rice","4.9","(100+)","Klang",""
"vr8z","THE JIBIN WESTERN","Malaysian","4.7","(61)","Klang",""
"xy4e","restoran selvam Taman Sentosa","Indian","4.6","(500+)","Klang",""
"a60w","Zam Beriyani Meru","Briyani","4.2","(500+)","Klang",""
"mprr","Restoran Vicchuda Tomyam (Meru)","Tom Yum","4.6","(100+)","Klang",""
"mgl4","Kim Fu Ala Thai","Thai","3.7","(25)","Klang",""
"c3we","WARUNG MAMA DELISHA","Malaysian","4.7","(3000+)","Klang",""
"ol06","Warung sego sambel petir","Asian","4.2","(7)","Klang",""
"fb6o","AYAM PENYET BERAPI KASSIM SELAMAT","Ayam Penyet","4.5","(35)","Klang",""
"d658","Cimande Meru","Malaysian","4.8","(100+)","Klang",""
"emwb","roti canai dan murtabak (kapar)","Roti Canai","4.7","(100+)","Klang",""
"fuki","Kopi Hepi","Malaysian","4.5","(6)","Klang",""
"p8kp","Izan Food House","Fried Rice","4.6","(4000+)","Klang",""
"dea0","AMAN NASI KUKUS","Asian","3.7","(4)","Klang",""
"r41c","Nasi Ayam Gemas","Asian","4.4","(100+)","Klang",""
"d8jd","Hot Burger Publik Pekan Kapar","Burgers","4.8","(32)","Klang",""
"zpq3","GTR Burger (Jalan Kenangan)","Burgers","2.9","(6)","Klang",""
"r7hs","Kopi Street Char Kuey Teow","Seafood","4.4","(1000+)","Klang",""
"yol3","Sate Famili","Satay","4.8","(81)","Klang",""
"lk1l","NASI ALA KAKWOOK","Asian","4.5","(93)","Klang",""
"bprh","Samuram Homade Food","Malaysian","4.6","(12)","Klang",""
"xzbt","EMERALD CLAYPOT RICE","Indian","1.9","(5)","Klang",""
"je34","Ramly burger taman sri puteri","Burgers","4.6","(52)","Klang",""
"d8bm","Restaurant Khun Mae Thai Muslim Kg Medan","Malaysian","4.6","(1000+)","Klang",""
"fe98","Ana Dessert Meru","Desserts","3.1","(9)","Klang",""
"wg6k","Ruth Corner","Nasi Lemak","3.1","(41)","Klang",""
"sb4k","CRUNCHY MOZZARELLA - KOREAN STREET FOOD","Malaysian","4.6","(500+)","Klang",""
"pdly","Al amin seafood & western","Asian","4.6","(100+)","Klang",""
"zece","Rolling Kitchen","Pasta","4.6","(100+)","Klang",""
"j06u","MR'S KITCHEN","Asian","2.7","(3)","Klang",""
"nihs","Safie Char Kuey Teow","Asian","4.8","(34)","Klang",""
"b3rv","Al-Amin Tomyam - Bukit Kapar","Malaysian","4.5","(100+)","Klang",""
"s2g7","Emporium makan Heng kee Wantan Mee @ tiam fu kopitiam","Noodles","4.4","(100+)","Klang",""
"bqih","Burgstory Trading","Chicken","5","(27)","Klang",""
"kjbs","Gowri Spices Curry House (Kapar)","Indian","5","(1)","Klang",""
"e82k","UKHTIES KITCHEN","Malaysian","3","(5)","Klang",""
"jg4l","TwinFood Aina Aidil","Malaysian","2.3","(3)","Klang",""
"c6vn","Zhen Mei Wei 祯美味","Chicken Chop","4.3","(100+)","Klang",""
"o0wq","Rusyd Char Kuey Teow","Kuey Teow","4.7","(100+)","Klang",""
"oxb6","Naatamai Banana Leaf Bistro (Kapar)","Briyani","4.5","(6)","Klang",""
"x962","Warong Barokah Ibu C_MA","Malaysian","4.6","(76)","Klang",""
"b5jz","Satay mesra","Chicken","4.6","(100+)","Klang",""
"c7p8","Kebun Komuniti Meru","Malaysian","5","(1)","Klang",""
"t0ew","Golden Takoyaki (econsave pekan kapar)","Takoyaki","5","(34)","Klang",""
"yvnu","Sate Famili","Satay","4.7","(100+)","Klang",""
"slue","Taste of Pakistan Hzbillrich Empire","Middle Eastern","4.9","(25)","Klang",""
"ktn4","Kedai makan 4 Beradik","Chicken","4.4","(100+)","Klang",""
"fnip","Cake Natural","Bread","4.8","(100+)","Klang",""
"uqbo","Restaurant Kapar Curry House","Indian","4.6","(1000+)","Klang",""
"rccf","YCY FOOD RESTAURANT","Malaysian","3.3","(4)","Klang",""
"aks0","ARUSUVAI H.B KITCHEN","Indian","3.3","(43)","Klang",""
"r9um","Kak Yan Corner (D' Nenas Foodcourt)","Asian","4.3","(500+)","Klang",""
"birm","Dapur Aida dan Sholeh","Desserts","5","(8)","Klang",""
"ywne","SELERA TITI SERONG","Fried Rice","4.7","(100+)","Klang",""
"xl56","Western House Ax Cabin Meru","Pasta","4.5","(100+)","Klang",""
"njoo","Sweet & Spicy Station","Fried Chicken","4.7","(100+)","Klang",""
"jivx","HAVISHALINI CURRY HOUSE","Indian","4.4","(81)","Klang",""
"i0ib","Hashmi Restaurant","Chicken","4.4","(500+)","Klang",""
"ej60","Sushi Lah","Malaysian","4.7","(2)","Klang",""
"jftx","INSTANT KITCHEN","Fast Food","2.2","(2)","Klang",""
"kjgk","WARUNG WAK ANENG","Asian","4.5","(5)","Klang",""
"t0p5","Sangpiscok","Malaysian","5","(2)","Klang",""
"gh39","Takome (Takoyaki)","Japanese","3.9","(4)","Klang",""
"zxfi","RAMLY BURGER STALL Johan Setia","Burgers","4.6","(500+)","Klang",""
"ykcr","Botak Burger Pekan Kapar","Burgers","4.9","(100+)","Klang",""
"salg","ND FOOD CORNER","Nasi Lemak","4.6","(24)","Klang",""
"a7sn","Restoran Sofea","Malaysian","4.7","(1000+)","Klang",""
"c9mj","RESTORAN SUP TULANG POWER","Malaysian","4.5","(1000+)","Klang",""
"sxm1","Restoran Sri Nachia","Roti Canai","3.5","(100+)","Klang",""
"uxui","Selera Beratoq","Roti Canai","4.5","(1000+)","Klang",""
"k2bk","KEDAI MAKAN DELIMA BIRU","Fried Rice","4.1","(15)","Klang",""
"i1nz","Telok Port","Fried Rice","4.1","(100+)","Klang",""
"wv5f","Sapar Cendol","Desserts","4.5","(100+)","Klang",""
"seal","NachosKingzz X Laparbetul.co","Malaysian","4.4","(71)","Klang",""
"r7tl","D'Nenas Western Foods @ Green Corner Restoran","Chicken Chop","4.4","(100+)","Klang",""
"zfl0","Gerai Sarapan Pagi","Asian","4.5","(58)","Klang",""
"ahb8","LEPAK-KING AYAM SINGGIT","Malaysian","4.4","(6)","Klang",""
"q2fj","QNasi Lemak","Malaysian","4.5","(2000+)","Klang",""
"jvwm","GREEN CORNER","Fried Rice","4.5","(100+)","Klang",""
"t8kh","Gerai Hasina Sri Muda","Malaysian","4","(500+)","Klang",""
"q9ph","JNJ WESTERN","Pasta","4.1","(74)","Klang",""
"i4to","Kambing Bakar Atok","Fried Rice","4.6","(2000+)","Klang",""
"v3cf","Walid Chicken Rice (Bukit Cerakah)","Malaysian","4.3","(100+)","Klang",""
"r5xa","Anis Char Kuey Teow","Pisang Goreng","4.4","(100+)","Klang",""
"dsqu","AZAM CORNER","Malaysian","4.4","(23)","Klang",""
"atxv","PUNG PANG KITCHEN","Chicken","4.9","(100+)","Klang",""
"x8md","BURGER FAMILY BLOK 77","Burgers","4.2","(22)","Klang",""
"nkka","Iedaman kitchen","Malaysian","4.2","(86)","Klang",""
"tl1p","Cik Lan Burger","Burgers","4.1","(5)","Klang",""
"xgxc","Popcorndamz (Banting)","Malaysian","4.3","(100+)","Klang",""
"qyi2","LEPAK-KING TOMYUM","Malaysian","5","(1)","Klang",""
"hjsg","Mee Hiris China Muslim (Quayside Mall)","Noodles","4.7","(100+)","Klang",""
"adcj","Don's Western","Western","5","(4)","Klang",""
"omhf","Makan @ Triana","Asian","4.7","(61)","Klang",""
"cbmt","SABER IKAN BAKAR","Asian","5","(3)","Klang",""
"rjgk","DYELLA CORNER (Hijrah Selangor)","Nasi Lemak","4.6","(100+)","Klang",""
"v530","Fresh Kelapa Muda","Malaysian","4.4","(100+)","Klang",""
"qdl1","Stall Corner","Malaysian","5","(2)","Klang",""
"cq5h","NF WESTERN FOOD","Malaysian","2.6","(6)","Klang",""
"b5kz","Lembah Selera","Malaysian","4.6","(500+)","Klang",""
"pq26","MAMA RINA KITCHEN","Malaysian","4.3","(89)","Klang",""
"wvsx","Popia Cik Yin Bukit Kapar","Juice","4.8","(100+)","Klang",""
"nyt0","NOROLISWAN FAMILY RESOURCES","Beverages","4.8","(100+)","Klang",""
"l364","Patin Tempoyak Claypot Pahang","Seafood","3.8","(100+)","Klang",""
"lbyj","Apam Balik Sunway Kayangan","Malaysian","4.2","(71)","Klang",""
"ir3q","Belly Fully Minutes Meals","Malaysian","4.4","(7)","Klang",""
"mle1","Warung sari","Fried Rice","4.2","(100+)","Klang",""
"uvcq","Restoran Dapur Berapi","Chicken","4","(100+)","Klang",""
"r6hs","MEGAH TAIWAN SAUSAGE","Fast Food","5","(34)","Klang",""
"d5ff","Nasi Lemak Kambing Kaw Kaw Pedas","Asian","3.9","(4)","Klang",""
"badv","Suhada Tomyam","Fried Rice","4.4","(1000+)","Klang",""
"f5x0","Goreng pisang cheese Crispy & Waffle Leleh","Pisang Goreng","4.4","(100+)","Klang",""
"e4ne","Pasembor Marka Tanjung","Malaysian","4.9","(19)","Klang",""
"jgp2","Dapur Kak Mala (Sabak Bernam)","Malaysian","4.7","(100+)","Klang",""
"k6yo","Hanyang cafe","Asian","4.1","(2)","Klang",""
"hwcu","MY PATIN TEMPOYAK","Coffee","4.8","(92)","Klang",""
"m3jk","Breadstory (Pearl Point Shopping Mall)","Bread","4.6","(500+)","Klang",""
"dbsk","paksu maksu nasi campur","Chicken","4.8","(500+)","Klang",""
"yrry","Ko's Kimbap & Pocha","Korean","4.5","(75)","Klang",""
"ke9j","JEMAPOH PIZZA KAYU API GOMBAK","Pizza","2.5","(18)","Klang",""
"as48","Kazoku food empire","Asian","4.6","(100+)","Klang",""
