"year","month","FoodType","averagerating","totalreview"
"2023","03",Asian,3.7,431
"2023","03",Ayam Penyet,3.7,70
"2023","03",Beverages,3.9,102
"2023","03",Bread,3.8,38
"2023","03",Briyani,3.0,42
"2023","03",Bubble Tea,3.5,8
"2023","03",Burgers,4.2,104
"2023","03",Cakes,4.2,26
"2023","03",Chicken,3.8,654
"2023","03",Chicken Chop,3.7,11
"2023","03",Chicken Rice,3.3,56
"2023","03",Chinese,3.5,221
"2023","03",Curry,3.8,15
"2023","03",Desserts,4.1,44
"2023","03",Dim Sum ,4.7,3
"2023","03",Dumpling,3.0,4
"2023","03",European,3.9,11
"2023","03",Fast Food,2.9,97
"2023","03",Fried Chicken,2.9,132
"2023","03",Fried Rice,3.6,527
"2023","03",Fries,3.0,1
"2023","03",Grill,1.0,1
"2023","03",Halal,2.0,1
"2023","03",Healthy,3.2,15
"2023","03",HomeChef,3.0,1
"2023","03",Ice Cream,5.0,2
"2023","03",Indian,3.2,194
"2023","03",International,3.3,4
"2023","03",Italian,3.0,2
"2023","03",Japanese,3.5,31
"2023","03",Juice,3.6,14
"2023","03",Korean,3.8,35
"2023","03",Kuey Teow,3.8,9
"2023","03",Laksa,3.4,20
"2023","03",Malaysian,3.6,1209
"2023","03",Mee Goreng,5.0,2
"2023","03",Middle Eastern,3.7,28
"2023","03",Nasi Kandar,3.7,64
"2023","03",Nasi Kerabu,3.9,37
"2023","03",Nasi Kukus,4.1,70
"2023","03",Nasi Lemak,3.8,157
"2023","03",Noodles,3.7,160
"2023","03",Pancakes & Waffles,4.3,31
"2023","03",Pasta,3.3,54
"2023","03",Pisang Goreng,4.2,19
"2023","03",Pizza,3.8,24
"2023","03",Poke Bowl ,5.0,5
"2023","03",Porridge,3.8,20
"2023","03",Ramen,5.0,1
"2023","03",Rice Dishes,3.9,93
"2023","03",Roti Canai,3.5,347
"2023","03",Salads,5.0,1
"2023","03",Sandwiches,3.4,67
"2023","03",Satay,3.8,30
"2023","03",Seafood,4.1,53
"2023","03",Shawarma,3.6,31
"2023","03",Snacks,4.1,8
"2023","03",Soups,3.4,65
"2023","03",Sushi,3.9,10
"2023","03",Takoyaki,4.2,22
"2023","03",Thai,3.6,126
"2023","03",Tom Yum,4.3,13
"2023","03",Vegetarian,3.4,22
"2023","03",Western,3.6,39
"2023","03",Wraps,3.8,5
"2023","04",Asian,3.4,824
"2023","04",Ayam Penyet,3.5,163
"2023","04",Beverages,4.1,204
"2023","04",Bread,3.7,57
"2023","04",Briyani,3.8,68
"2023","04",Bubble Tea,3.4,27
"2023","04",Burgers,4.0,216
"2023","04",Cakes,3.9,49
"2023","04",Chicken,3.5,1374
"2023","04",Chicken Chop,3.8,31
"2023","04",Chicken Rice,3.4,136
"2023","04",Chinese,3.6,510
"2023","04",Curry,3.7,22
"2023","04",Desserts,3.6,90
"2023","04",Dim Sum ,3.1,13
"2023","04",Dumpling,3.4,16
"2023","04",European,3.8,16
"2023","04",Fast Food,2.8,222
"2023","04",Fried Chicken,3.0,223
"2023","04",Fried Rice,3.6,1026
"2023","04",Fries,4.2,5
"2023","04",Grill,2.0,2
"2023","04",Healthy,3.5,20
"2023","04",Indian,3.0,411
"2023","04",International,3.7,3
"2023","04",Italian,3.8,5
"2023","04",Japanese,3.4,56
"2023","04",Juice,4.0,23
"2023","04",Korean,3.3,83
"2023","04",Kuey Teow,4.1,16
"2023","04",Laksa,3.4,73
"2023","04",Malaysian,3.5,2402
"2023","04",Middle Eastern,3.4,66
"2023","04",Nasi Kandar,3.5,266
"2023","04",Nasi Kerabu,3.7,66
"2023","04",Nasi Kukus,4.0,142
"2023","04",Nasi Lemak,3.6,255
"2023","04",Noodles,3.5,287
"2023","04",Pancakes & Waffles,4.0,53
"2023","04",Pasta,3.6,134
"2023","04",Pisang Goreng,2.8,16
"2023","04",Pizza,2.2,153
"2023","04",Poke Bowl ,4.0,3
"2023","04",Porridge,4.0,30
"2023","04",Rice Dishes,3.5,183
"2023","04",Roti Canai,3.1,970
"2023","04",Salads,2.3,3
"2023","04",Sandwiches,3.3,123
"2023","04",Satay,4.0,59
"2023","04",Seafood,3.3,156
"2023","04",Shawarma,3.8,82
"2023","04",Snacks,3.9,13
"2023","04",Soups,3.9,94
"2023","04",Sushi,2.8,16
"2023","04",Takoyaki,4.4,32
"2023","04",Thai,3.6,214
"2023","04",Tom Yum,3.5,19
"2023","04",Vegetarian,4.0,64
"2023","04",Western,4.1,103
"2023","04",Wraps,4.0,6
"2023","05",Asian,3.7,1849
"2023","05",Ayam Penyet,3.9,416
"2023","05",Beverages,4.0,499
"2023","05",Bread,3.8,112
"2023","05",Briyani,3.9,121
"2023","05",Bubble Tea,3.7,63
"2023","05",Burgers,4.3,555
"2023","05",Cakes,4.1,79
"2023","05",Chicken,3.8,2515
"2023","05",Chicken Chop,4.4,84
"2023","05",Chicken Rice,3.8,186
"2023","05",Chinese,3.5,806
"2023","05",Curry,3.9,36
"2023","05",Desserts,3.9,279
"2023","05",Dim Sum ,3.9,43
"2023","05",Dumpling,3.6,19
"2023","05",European,4.0,33
"2023","05",Fast Food,3.2,344
"2023","05",Fried Chicken,3.4,418
"2023","05",Fried Rice,3.8,2451
"2023","05",Fries,4.4,5
"2023","05",Grill,3.5,2
"2023","05",Healthy,3.3,38
"2023","05",HomeChef,3.8,5
"2023","05",Ice Cream,5.0,2
"2023","05",Indian,3.5,596
"2023","05",International,4.2,17
"2023","05",Italian,3.4,24
"2023","05",Japanese,3.7,116
"2023","05",Juice,4.2,39
"2023","05",Korean,4.0,162
"2023","05",Kuey Teow,4.0,86
"2023","05",Laksa,3.7,159
"2023","05",Malaysian,3.8,5219
"2023","05",Mee Goreng,5.0,2
"2023","05",Middle Eastern,3.4,110
"2023","05",Nasi Kandar,3.5,315
"2023","05",Nasi Kerabu,3.9,198
"2023","05",Nasi Kukus,4.0,343
"2023","05",Nasi Lemak,3.9,1005
"2023","05",Non-Halal,4.0,2
"2023","05",Noodles,3.8,515
"2023","05",Pancakes & Waffles,4.1,153
"2023","05",Pasta,3.9,249
"2023","05",Pisang Goreng,3.9,53
"2023","05",Pizza,3.2,118
"2023","05",Poke Bowl ,4.0,5
"2023","05",Porridge,3.8,98
"2023","05",Ramen,3.1,7
"2023","05",Rice Dishes,3.7,382
"2023","05",Roti Canai,3.5,1463
"2023","05",Salads,3.4,11
"2023","05",Sandwiches,3.9,276
"2023","05",Satay,3.7,103
"2023","05",Seafood,3.9,265
"2023","05",Shawarma,3.9,150
"2023","05",Snacks,3.9,20
"2023","05",Soups,4.1,222
"2023","05",Sushi,3.8,42
"2023","05",Takoyaki,4.4,109
"2023","05",Thai,3.7,460
"2023","05",Tom Yum,3.4,52
"2023","05",Vegetarian,3.9,114
"2023","05",Western,3.9,240
"2023","05",Wraps,3.5,10
"2023","06",American,5.0,2
"2023","06",Asian,3.7,1857
"2023","06",Ayam Penyet,4.0,382
"2023","06",Beverages,3.9,395
"2023","06",Bread,3.8,115
"2023","06",Briyani,3.6,114
"2023","06",Bubble Tea,3.2,49
"2023","06",Burgers,4.3,527
"2023","06",Cakes,4.1,109
"2023","06",Chicken,3.8,2380
"2023","06",Chicken Chop,4.1,87
"2023","06",Chicken Rice,3.2,161
"2023","06",Chinese,3.6,759
"2023","06",Curry,4.2,29
"2023","06",Desserts,3.8,252
"2023","06",Dim Sum ,3.7,26
"2023","06",Dumpling,4.5,14
"2023","06",European,4.3,26
"2023","06",Fast Food,3.1,305
"2023","06",Fried Chicken,3.6,338
"2023","06",Fried Rice,3.8,2260
"2023","06",Fries,3.4,11
"2023","06",Grill,5.0,2
"2023","06",Healthy,3.3,41
"2023","06",HomeChef,3.7,10
"2023","06",Ice Cream,4.0,4
"2023","06",Indian,3.3,631
"2023","06",International,4.2,6
"2023","06",Italian,3.9,26
"2023","06",Japanese,3.6,111
"2023","06",Juice,4.1,33
"2023","06",Korean,3.9,137
"2023","06",Kuey Teow,4.1,70
"2023","06",Laksa,3.7,163
"2023","06",Malaysian,3.8,5244
"2023","06",Mediterranean,5.0,1
"2023","06",Mee Goreng,5.0,1
"2023","06",Middle Eastern,3.5,89
"2023","06",Nasi Kandar,3.6,295
"2023","06",Nasi Kerabu,4.1,166
"2023","06",Nasi Kukus,4.2,292
"2023","06",Nasi Lemak,4.0,778
"2023","06",Noodles,3.8,388
"2023","06",Pancakes & Waffles,4.3,204
"2023","06",Pasta,3.9,232
"2023","06",Pisang Goreng,4.0,66
"2023","06",Pizza,3.3,101
"2023","06",Poke Bowl ,3.6,59
"2023","06",Porridge,3.9,76
"2023","06",Ramen,4.8,5
"2023","06",Rice Dishes,3.6,311
"2023","06",Roti Canai,3.6,1415
"2023","06",Salads,3.8,19
"2023","06",Sandwiches,3.9,273
"2023","06",Satay,4.0,97
"2023","06",Seafood,3.8,253
"2023","06",Shawarma,4.2,155
"2023","06",Snacks,4.1,20
"2023","06",Soups,4.2,213
"2023","06",Sushi,3.3,35
"2023","06",Takoyaki,4.4,81
"2023","06",Thai,3.9,509
"2023","06",Tom Yum,4.3,37
"2023","06",Vegetarian,3.9,65
"2023","06",Western,4.0,209
"2023","06",Wraps,4.0,9
"2023","07",American,2.5,2
"2023","07",Asian,3.8,1779
"2023","07",Ayam Penyet,3.9,297
"2023","07",Beverages,4.0,399
"2023","07",Bread,3.8,141
"2023","07",Briyani,3.9,134
"2023","07",Bubble Tea,3.6,41
"2023","07",Burgers,4.3,571
"2023","07",Cakes,4.3,109
"2023","07",Chicken,3.9,2274
"2023","07",Chicken Chop,4.0,103
"2023","07",Chicken Rice,3.7,171
"2023","07",Chinese,3.5,723
"2023","07",Curry,3.6,34
"2023","07",Desserts,3.9,212
"2023","07",Dim Sum ,3.6,11
"2023","07",Dumpling,4.0,18
"2023","07",European,4.2,37
"2023","07",Fast Food,3.3,357
"2023","07",Fried Chicken,3.6,398
"2023","07",Fried Rice,3.9,2365
"2023","07",Fries,2.3,7
"2023","07",Grill,3.4,5
"2023","07",Healthy,3.2,37
"2023","07",HomeChef,4.3,9
"2023","07",Ice Cream,4.8,6
"2023","07",Indian,3.4,611
"2023","07",International,3.2,12
"2023","07",Italian,3.5,32
"2023","07",Japanese,3.7,128
"2023","07",Juice,3.7,36
"2023","07",Korean,3.8,199
"2023","07",Kuey Teow,4.1,73
"2023","07",Laksa,3.9,99
"2023","07",Malaysian,3.8,5432
"2023","07",Meat,1.0,1
"2023","07",Mediterranean,5.0,1
"2023","07",Mee Goreng,3.0,3
"2023","07",Middle Eastern,3.3,108
"2023","07",Nasi Kandar,3.6,322
"2023","07",Nasi Kerabu,4.1,184
"2023","07",Nasi Kukus,4.2,313
"2023","07",Nasi Lemak,4.0,897
"2023","07",Noodles,3.8,431
"2023","07",Pancakes & Waffles,4.2,189
"2023","07",Pasta,4.0,234
"2023","07",Pisang Goreng,3.9,71
"2023","07",Pizza,3.6,143
"2023","07",Poke Bowl ,3.5,98
"2023","07",Porridge,4.0,80
"2023","07",Ramen,3.8,4
"2023","07",Rice Dishes,3.8,350
"2023","07",Roti Canai,3.5,1494
"2023","07",Salads,4.2,25
"2023","07",Sandwiches,3.9,284
"2023","07",Satay,4.1,115
"2023","07",Seafood,3.9,288
"2023","07",Shawarma,4.0,137
"2023","07",Snacks,4.5,16
"2023","07",Soups,3.9,216
"2023","07",Sushi,3.6,39
"2023","07",Takoyaki,4.3,68
"2023","07",Thai,3.7,536
"2023","07",Tom Yum,4.0,42
"2023","07",Vegan,5.0,1
"2023","07",Vegetarian,4.2,85
"2023","07",Western,4.2,259
"2023","07",Wraps,3.3,16
"2023","08",Asian,3.8,1798
"2023","08",Ayam Penyet,3.9,339
"2023","08",Beverages,3.9,315
"2023","08",Bread,4.0,113
"2023","08",Briyani,4.0,122
"2023","08",Bubble Tea,3.6,42
"2023","08",Burgers,4.3,639
"2023","08",Cakes,4.0,112
"2023","08",Chicken,3.9,2185
"2023","08",Chicken Chop,3.9,75
"2023","08",Chicken Rice,3.5,116
"2023","08",Chinese,3.5,568
"2023","08",Curry,4.0,44
"2023","08",Desserts,4.0,249
"2023","08",Dim Sum ,3.7,10
"2023","08",Dumpling,4.1,30
"2023","08",European,4.2,28
"2023","08",Fast Food,3.1,375
"2023","08",Fried Chicken,3.5,338
"2023","08",Fried Rice,3.9,2214
"2023","08",Fries,3.0,11
"2023","08",Grill,5.0,1
"2023","08",Halal,4.8,5
"2023","08",Healthy,4.1,31
"2023","08",HomeChef,4.0,4
"2023","08",Ice Cream,4.5,6
"2023","08",Indian,3.6,728
"2023","08",International,3.3,12
"2023","08",Italian,3.6,32
"2023","08",Japanese,3.3,90
"2023","08",Juice,4.2,22
"2023","08",Korean,3.7,148
"2023","08",Kuey Teow,4.0,75
"2023","08",Laksa,4.4,107
"2023","08",Malaysian,3.9,5427
"2023","08",Mediterranean,5.0,3
"2023","08",Mee Goreng,4.5,2
"2023","08",Middle Eastern,3.9,161
"2023","08",Nasi Kandar,3.4,324
"2023","08",Nasi Kerabu,3.8,185
"2023","08",Nasi Kukus,4.1,349
"2023","08",Nasi Lemak,4.1,908
"2023","08",Noodles,3.8,400
"2023","08",Pancakes & Waffles,4.1,141
"2023","08",Pasta,4.0,237
"2023","08",Pisang Goreng,3.9,67
"2023","08",Pizza,3.1,112
"2023","08",Poke Bowl ,3.3,72
"2023","08",Porridge,4.2,87
"2023","08",Ramen,4.2,10
"2023","08",Rice Dishes,3.8,363
"2023","08",Roti Canai,3.7,1417
"2023","08",Salads,3.6,21
"2023","08",Sandwiches,4.0,246
"2023","08",Satay,3.7,99
"2023","08",Seafood,3.9,257
"2023","08",Shawarma,3.9,125
"2023","08",Snacks,4.6,16
"2023","08",Soups,4.0,275
"2023","08",Sushi,3.5,44
"2023","08",Takoyaki,4.1,75
"2023","08",Thai,3.7,530
"2023","08",Tom Yum,3.7,49
"2023","08",Vegan,5.0,1
"2023","08",Vegetarian,3.6,80
"2023","08",Western,4.0,217
"2023","08",Wraps,3.3,12
"2023","09",American,2.6,5
"2023","09",Asian,3.7,2268
"2023","09",Ayam Penyet,3.8,320
"2023","09",Beverages,3.7,438
"2023","09",Bread,3.7,161
"2023","09",Briyani,3.7,141
"2023","09",Bubble Tea,3.3,37
"2023","09",Burgers,4.3,673
"2023","09",Cakes,3.8,203
"2023","09",Chicken,3.8,2409
"2023","09",Chicken Chop,4.1,66
"2023","09",Chicken Rice,3.6,139
"2023","09",Chinese,3.5,912
"2023","09",Curry,4.0,54
"2023","09",Desserts,3.9,316
"2023","09",Dim Sum ,3.1,15
"2023","09",Dumpling,3.9,28
"2023","09",European,4.1,31
"2023","09",Fast Food,3.2,379
"2023","09",Fried Chicken,3.4,495
"2023","09",Fried Rice,3.8,2350
"2023","09",Fries,3.4,17
"2023","09",Grill,3.5,8
"2023","09",Halal,4.7,13
"2023","09",Healthy,3.5,62
"2023","09",HomeChef,4.7,14
"2023","09",Ice Cream,3.0,4
"2023","09",Indian,3.5,846
"2023","09",International,4.1,28
"2023","09",Italian,3.8,34
"2023","09",Japanese,3.5,142
"2023","09",Juice,3.3,26
"2023","09",Korean,3.8,194
"2023","09",Kuey Teow,4.2,70
"2023","09",Laksa,4.0,164
"2023","09",Malaysian,3.8,6050
"2023","09",Mediterranean,2.3,3
"2023","09",Mee Goreng,4.7,3
"2023","09",Middle Eastern,3.6,184
"2023","09",Nasi Kandar,3.5,338
"2023","09",Nasi Kerabu,3.9,209
"2023","09",Nasi Kukus,4.1,321
"2023","09",Nasi Lemak,4.0,959
"2023","09",Non-Halal,5.0,1
"2023","09",Noodles,3.7,545
"2023","09",Pancakes & Waffles,3.9,157
"2023","09",Pasta,3.7,247
"2023","09",Pisang Goreng,3.8,75
"2023","09",Pizza,3.1,141
"2023","09",Poke Bowl ,3.5,115
"2023","09",Porridge,4.0,99
"2023","09",Ramen,4.9,8
"2023","09",Rice Dishes,3.6,346
"2023","09",Roti Canai,3.5,1512
"2023","09",Salads,3.9,11
"2023","09",Sandwiches,3.9,272
"2023","09",Satay,4.0,104
"2023","09",Seafood,3.8,345
"2023","09",Shawarma,4.1,154
"2023","09",Snacks,4.0,29
"2023","09",Soups,4.1,242
"2023","09",Sushi,3.7,62
"2023","09",Takoyaki,4.3,62
"2023","09",Thai,3.8,582
"2023","09",Tom Yum,3.3,50
"2023","09",Vegetarian,3.8,108
"2023","09",Western,3.9,237
"2023","09",Wraps,3.7,12
"2023","10",American,5.0,2
"2023","10",Asian,3.7,2594
"2023","10",Ayam Penyet,3.9,363
"2023","10",Beverages,3.8,388
"2023","10",Bread,3.8,128
"2023","10",Briyani,4.0,153
"2023","10",Bubble Tea,3.7,48
"2023","10",Burgers,4.2,695
"2023","10",Cakes,4.0,137
"2023","10",Chicken,3.7,2412
"2023","10",Chicken Chop,4.2,100
"2023","10",Chicken Rice,3.5,129
"2023","10",Chinese,3.5,854
"2023","10",Curry,3.9,51
"2023","10",Desserts,4.0,301
"2023","10",Dim Sum ,4.3,11
"2023","10",Dumpling,3.0,13
"2023","10",European,4.3,40
"2023","10",Fast Food,3.3,385
"2023","10",Fried Chicken,3.3,470
"2023","10",Fried Rice,3.7,2331
"2023","10",Fries,3.6,17
"2023","10",Grill,2.6,11
"2023","10",Halal,3.5,2
"2023","10",Healthy,3.6,51
"2023","10",HomeChef,4.8,8
"2023","10",Ice Cream,4.2,5
"2023","10",Indian,3.4,890
"2023","10",International,4.1,38
"2023","10",Italian,3.5,35
"2023","10",Japanese,3.2,131
"2023","10",Juice,4.0,22
"2023","10",Korean,3.8,202
"2023","10",Kuey Teow,4.2,69
"2023","10",Laksa,3.7,144
"2023","10",Malaysian,3.8,6296
"2023","10",Mediterranean,5.0,4
"2023","10",Mee Goreng,4.6,5
"2023","10",Middle Eastern,4.0,310
"2023","10",Nasi Kandar,3.4,371
"2023","10",Nasi Kerabu,3.8,219
"2023","10",Nasi Kukus,3.9,358
"2023","10",Nasi Lemak,4.0,930
"2023","10",Noodles,3.7,459
"2023","10",Pancakes & Waffles,4.2,146
"2023","10",Pasta,3.8,247
"2023","10",Pisang Goreng,3.9,60
"2023","10",Pizza,3.4,140
"2023","10",Poke Bowl ,3.3,47
"2023","10",Porridge,3.9,109
"2023","10",Ramen,3.5,2
"2023","10",Rice Dishes,3.8,367
"2023","10",Roti Canai,3.6,1484
"2023","10",Salads,3.2,13
"2023","10",Sandwiches,3.9,274
"2023","10",Satay,4.1,100
"2023","10",Seafood,3.9,346
"2023","10",Shawarma,4.2,170
"2023","10",Snacks,3.9,35
"2023","10",Soups,4.0,265
"2023","10",Sushi,3.8,62
"2023","10",Takoyaki,4.2,51
"2023","10",Thai,3.7,644
"2023","10",Tom Yum,3.8,65
"2023","10",Vegetarian,3.9,135
"2023","10",Western,3.9,263
"2023","10",Wraps,3.6,27
"2023","11",American,4.4,5
"2023","11",Asian,3.7,2511
"2023","11",Ayam Penyet,3.9,385
"2023","11",Beverages,3.7,350
"2023","11",Bread,3.6,142
"2023","11",Briyani,3.9,127
"2023","11",Bubble Tea,3.2,48
"2023","11",Burgers,4.3,811
"2023","11",Cakes,4.0,153
"2023","11",Chicken,3.8,2298
"2023","11",Chicken Chop,4.0,101
"2023","11",Chicken Rice,3.8,130
"2023","11",Chinese,3.5,841
"2023","11",Curry,4.1,50
"2023","11",Desserts,3.8,319
"2023","11",Dim Sum ,3.2,17
"2023","11",Dumpling,4.0,31
"2023","11",European,3.9,39
"2023","11",Fast Food,3.2,435
"2023","11",Fried Chicken,3.3,372
"2023","11",Fried Rice,3.8,2113
"2023","11",Fries,3.7,19
"2023","11",Grill,3.5,2
"2023","11",Halal,3.6,8
"2023","11",Healthy,3.8,76
"2023","11",HomeChef,4.8,12
"2023","11",Ice Cream,5.0,2
"2023","11",Indian,3.4,720
"2023","11",International,3.4,38
"2023","11",Italian,3.6,48
"2023","11",Japanese,3.2,133
"2023","11",Juice,4.0,28
"2023","11",Korean,3.6,192
"2023","11",Kuey Teow,3.9,75
"2023","11",Laksa,3.7,147
"2023","11",Malaysian,3.8,6350
"2023","11",Mediterranean,3.9,20
"2023","11",Mee Goreng,4.1,9
"2023","11",Middle Eastern,4.1,296
"2023","11",Nasi Kandar,3.5,382
"2023","11",Nasi Kerabu,3.9,202
"2023","11",Nasi Kukus,4.0,310
"2023","11",Nasi Lemak,3.9,880
"2023","11",Noodles,3.7,433
"2023","11",Pancakes & Waffles,4.0,159
"2023","11",Pasta,3.8,231
"2023","11",Pisang Goreng,4.3,56
"2023","11",Pizza,3.4,131
"2023","11",Poke Bowl ,3.7,29
"2023","11",Porridge,4.0,91
"2023","11",Ramen,4.5,8
"2023","11",Rice Dishes,3.7,478
"2023","11",Roti Canai,3.6,1484
"2023","11",Salads,3.9,30
"2023","11",Sandwiches,3.8,284
"2023","11",Satay,3.9,131
"2023","11",Seafood,4.0,274
"2023","11",Shawarma,3.9,200
"2023","11",Snacks,4.0,24
"2023","11",Soups,3.7,277
"2023","11",Sushi,3.7,55
"2023","11",Takoyaki,3.3,88
"2023","11",Thai,3.8,600
"2023","11",Tom Yum,4.1,44
"2023","11",Vegetarian,4.1,125
"2023","11",Western,3.9,317
"2023","11",Wraps,4.2,20
"2023","12",American,3.1,19
"2023","12",Asian,3.7,2540
"2023","12",Ayam Penyet,3.7,474
"2023","12",Beverages,3.9,302
"2023","12",Bread,3.9,129
"2023","12",Briyani,3.8,134
"2023","12",Bubble Tea,3.2,48
"2023","12",Burgers,4.2,779
"2023","12",Cakes,4.1,137
"2023","12",Chicken,3.7,2532
"2023","12",Chicken Chop,3.7,108
"2023","12",Chicken Rice,3.3,127
"2023","12",Chinese,3.4,916
"2023","12",Curry,4.3,54
"2023","12",Desserts,3.8,317
"2023","12",Dim Sum ,3.4,7
"2023","12",Dumpling,3.3,19
"2023","12",European,4.0,36
"2023","12",Fast Food,3.2,460
"2023","12",Fried Chicken,3.1,420
"2023","12",Fried Rice,3.7,2290
"2023","12",Fries,3.6,14
"2023","12",Grill,2.5,4
"2023","12",Halal,4.9,7
"2023","12",Healthy,4.2,81
"2023","12",HomeChef,1.5,2
"2023","12",Indian,3.4,886
"2023","12",International,3.3,54
"2023","12",Italian,3.3,46
"2023","12",Japanese,3.3,143
"2023","12",Juice,3.9,26
"2023","12",Korean,3.5,188
"2023","12",Kuey Teow,4.2,55
"2023","12",Laksa,3.5,142
"2023","12",Malaysian,3.7,6562
"2023","12",Mediterranean,4.0,14
"2023","12",Mee Goreng,2.9,7
"2023","12",Middle Eastern,3.9,288
"2023","12",Nasi Kandar,3.3,308
"2023","12",Nasi Kerabu,3.8,190
"2023","12",Nasi Kukus,3.9,368
"2023","12",Nasi Lemak,3.8,860
"2023","12",Noodles,3.8,414
"2023","12",Pancakes & Waffles,4.0,173
"2023","12",Pasta,3.7,227
"2023","12",Pisang Goreng,3.9,41
"2023","12",Pizza,3.2,166
"2023","12",Poke Bowl ,3.3,36
"2023","12",Porridge,3.8,102
"2023","12",Ramen,1.0,2
"2023","12",Rice Dishes,3.5,447
"2023","12",Roti Canai,3.5,1654
"2023","12",Salads,4.3,19
"2023","12",Sandwiches,3.6,245
"2023","12",Satay,3.9,110
"2023","12",Seafood,3.7,301
"2023","12",Shawarma,3.9,197
"2023","12",Snacks,4.1,15
"2023","12",Soups,3.9,255
"2023","12",Sushi,3.6,37
"2023","12",Takoyaki,3.7,75
"2023","12",Thai,3.6,685
"2023","12",Tom Yum,4.0,52
"2023","12",Vegetarian,4.1,121
"2023","12",Western,3.8,287
"2023","12",Wraps,3.4,19
"2024","01",American,3.5,8
"2024","01",Asian,3.7,3118
"2024","01",Ayam Penyet,3.8,472
"2024","01",Beverages,4.0,353
"2024","01",Bread,3.8,110
"2024","01",Briyani,3.6,128
"2024","01",Bubble Tea,3.5,40
"2024","01",Burgers,4.3,912
"2024","01",Cakes,4.1,138
"2024","01",Chicken,3.7,2523
"2024","01",Chicken Chop,4.2,135
"2024","01",Chicken Rice,3.7,123
"2024","01",Chinese,3.5,937
"2024","01",Curry,3.5,34
"2024","01",Desserts,3.8,325
"2024","01",Dim Sum ,2.8,5
"2024","01",Dumpling,3.6,13
"2024","01",European,4.3,16
"2024","01",Fast Food,3.1,554
"2024","01",Fried Chicken,3.3,429
"2024","01",Fried Rice,3.8,2398
"2024","01",Fries,3.3,15
"2024","01",Grill,2.6,8
"2024","01",Halal,2.8,11
"2024","01",Healthy,4.0,64
"2024","01",HomeChef,3.6,7
"2024","01",Ice Cream,5.0,1
"2024","01",Indian,3.3,927
"2024","01",International,3.6,69
"2024","01",Italian,3.7,36
"2024","01",Japanese,3.6,192
"2024","01",Juice,3.8,38
"2024","01",Korean,3.7,229
"2024","01",Kuey Teow,4.2,65
"2024","01",Laksa,3.8,160
"2024","01",Malaysian,3.8,7105
"2024","01",Mediterranean,3.6,7
"2024","01",Mee Goreng,4.0,9
"2024","01",Middle Eastern,3.7,347
"2024","01",Nasi Kandar,3.3,376
"2024","01",Nasi Kerabu,4.0,238
"2024","01",Nasi Kukus,3.9,357
"2024","01",Nasi Lemak,4.0,984
"2024","01",Non-Halal,5.0,1
"2024","01",Noodles,3.6,442
"2024","01",Pancakes & Waffles,4.2,163
"2024","01",Pasta,3.7,258
"2024","01",Pisang Goreng,4.1,48
"2024","01",Pizza,3.3,159
"2024","01",Poke Bowl ,2.7,40
"2024","01",Porridge,3.7,107
"2024","01",Ramen,3.8,10
"2024","01",Rice Dishes,3.6,409
"2024","01",Roti Canai,3.5,1634
"2024","01",Salads,4.1,19
"2024","01",Sandwiches,3.5,257
"2024","01",Satay,3.8,143
"2024","01",Seafood,3.9,335
"2024","01",Shawarma,4.1,209
"2024","01",Snacks,4.0,20
"2024","01",Soups,3.8,244
"2024","01",Sushi,3.7,45
"2024","01",Takoyaki,3.6,104
"2024","01",Thai,3.6,668
"2024","01",Tom Yum,3.7,52
"2024","01",Vegan,1.0,1
"2024","01",Vegetarian,4.0,129
"2024","01",Western,3.9,302
"2024","01",Wraps,3.8,22
"2024","02",American,4.8,4
"2024","02",Asian,3.7,2489
"2024","02",Ayam Penyet,3.7,365
"2024","02",Beverages,4.0,288
"2024","02",Bread,3.8,73
"2024","02",Briyani,3.9,89
"2024","02",Bubble Tea,3.5,39
"2024","02",Burgers,4.2,628
"2024","02",Cakes,4.0,112
"2024","02",Chicken,3.6,1839
"2024","02",Chicken Chop,3.9,85
"2024","02",Chicken Rice,3.6,84
"2024","02",Chinese,3.4,644
"2024","02",Curry,3.7,27
"2024","02",Desserts,3.9,241
"2024","02",Dim Sum ,3.7,11
"2024","02",Dumpling,3.6,14
"2024","02",European,3.9,28
"2024","02",Fast Food,3.2,341
"2024","02",Fried Chicken,3.2,286
"2024","02",Fried Rice,3.7,1687
"2024","02",Fries,2.8,9
"2024","02",Grill,2.5,6
"2024","02",Halal,3.5,6
"2024","02",Healthy,3.5,54
"2024","02",Ice Cream,4.0,2
"2024","02",Indian,3.2,663
"2024","02",International,3.4,60
"2024","02",Italian,3.5,32
"2024","02",Japanese,3.4,110
"2024","02",Juice,3.9,30
"2024","02",Korean,3.6,138
"2024","02",Kuey Teow,3.8,51
"2024","02",Laksa,3.4,118
"2024","02",Malaysian,3.7,5642
"2024","02",Mediterranean,3.7,6
"2024","02",Middle Eastern,3.7,288
"2024","02",Nasi Kandar,3.4,271
"2024","02",Nasi Kerabu,4.0,164
"2024","02",Nasi Kukus,3.8,267
"2024","02",Nasi Lemak,4.0,706
"2024","02",Noodles,3.6,280
"2024","02",Pancakes & Waffles,4.0,108
"2024","02",Pasta,3.6,193
"2024","02",Pisang Goreng,3.9,35
"2024","02",Pizza,3.0,177
"2024","02",Poke Bowl ,3.6,41
"2024","02",Porridge,3.8,67
"2024","02",Ramen,4.0,5
"2024","02",Rice Dishes,3.7,321
"2024","02",Roti Canai,3.5,1162
"2024","02",Salads,3.9,15
"2024","02",Sandwiches,3.7,200
"2024","02",Satay,4.0,91
"2024","02",Seafood,3.7,235
"2024","02",Shawarma,4.0,190
"2024","02",Snacks,4.0,11
"2024","02",Soups,4.0,158
"2024","02",Sushi,3.5,22
"2024","02",Takoyaki,3.6,55
"2024","02",Thai,3.6,462
"2024","02",Tom Yum,4.2,50
"2024","02",Vegetarian,4.0,62
"2024","02",Western,3.8,222
"2024","02",Wraps,3.6,17
"2024","03",American,2.3,3
"2024","03",Asian,3.6,1182
"2024","03",Ayam Penyet,3.9,149
"2024","03",Beverages,3.8,122
"2024","03",Bread,3.9,30
"2024","03",Briyani,3.5,58
"2024","03",Bubble Tea,2.7,17
"2024","03",Burgers,4.0,263
"2024","03",Cakes,2.8,34
"2024","03",Chicken,3.6,798
"2024","03",Chicken Chop,3.7,41
"2024","03",Chicken Rice,3.4,50
"2024","03",Chinese,3.4,393
"2024","03",Curry,4.4,13
"2024","03",Desserts,3.8,111
"2024","03",Dim Sum ,5.0,2
"2024","03",Dumpling,3.5,8
"2024","03",European,4.5,11
"2024","03",Fast Food,3.1,208
"2024","03",Fried Chicken,3.1,94
"2024","03",Fried Rice,3.4,791
"2024","03",Fries,4.4,8
"2024","03",Healthy,3.3,22
"2024","03",HomeChef,2.0,1
"2024","03",Indian,3.3,414
"2024","03",International,3.6,31
"2024","03",Italian,2.9,17
"2024","03",Japanese,2.7,52
"2024","03",Juice,3.3,14
"2024","03",Korean,3.5,72
"2024","03",Kuey Teow,4.1,16
"2024","03",Laksa,3.3,49
"2024","03",Malaysian,3.6,2439
"2024","03",Mediterranean,5.0,1
"2024","03",Mee Goreng,5.0,2
"2024","03",Middle Eastern,3.7,110
"2024","03",Nasi Kandar,3.3,119
"2024","03",Nasi Kerabu,3.9,47
"2024","03",Nasi Kukus,3.7,123
"2024","03",Nasi Lemak,3.8,287
"2024","03",Noodles,3.5,182
"2024","03",Pancakes & Waffles,4.0,41
"2024","03",Pasta,3.8,79
"2024","03",Pisang Goreng,3.3,6
"2024","03",Pizza,2.6,59
"2024","03",Poke Bowl ,3.9,22
"2024","03",Porridge,4.4,22
"2024","03",Ramen,4.5,4
"2024","03",Rice Dishes,3.3,164
"2024","03",Roti Canai,3.3,540
"2024","03",Salads,3.4,8
"2024","03",Sandwiches,3.6,89
"2024","03",Satay,3.9,36
"2024","03",Seafood,3.3,84
"2024","03",Shawarma,3.7,72
"2024","03",Snacks,2.8,4
"2024","03",Soups,3.3,78
"2024","03",Sushi,3.9,11
"2024","03",Takoyaki,2.5,16
"2024","03",Thai,3.4,235
"2024","03",Tom Yum,3.7,9
"2024","03",Vegetarian,4.1,46
"2024","03",Western,3.8,115
"2024","03",Wraps,4.0,10
